"name","shop","host2_shop_url","host2_profile_url","photo_source_url","shop_monthly_rank","collected_at"
"陽月まる","a-ist Fellas","https://www.host2.jp/shop/fellas/index.html","https://www.host2.jp/shop/fellas/maru/index.html","https://www.host2.jp/shop/fellas/maru/pr01-thum.jpg","1","2026-09-24"
"珠璃","A.I.M","https://www.host2.jp/shop/aim2/index.html","https://www.host2.jp/shop/aim2/neo/index.html","https://www.host2.jp/shop/aim2/neo/pr01-thum.jpg","1","2026-09-24"
"剛","ACACIA","https://www.host2.jp/shop/acacia/index.html","https://www.host2.jp/shop/acacia/go/index.html","https://www.host2.jp/shop/acacia/go/pr01-thum.jpg","1","2026-09-24"
"凪 海斗","ACQUA","https://www.host2.jp/shop/acqua/index.html","https://www.host2.jp/shop/acqua/nagi04/index.html","https://www.host2.jp/shop/acqua/nagi04/pr01-thum.jpg","1","2026-09-24"
"友唏","ACQUA -Sapphire-","https://www.host2.jp/shop/sapphire/index.html","https://www.host2.jp/shop/sapphire/yuki01/index.html","https://www.host2.jp/shop/sapphire/yuki01/pr01-thum.jpg","1","2026-09-24"
"輝利人","AIR","https://www.host2.jp/shop/air/index.html","https://www.host2.jp/shop/air/kirito3/index.html","https://www.host2.jp/shop/air/kirito3/pr01-thum.jpg","1","2026-09-24"
"美堂 聖","AIR DIAMOND","https://www.host2.jp/shop/airdiamond/index.html","https://www.host2.jp/shop/airdiamond/koki/index.html","https://www.host2.jp/shop/airdiamond/koki/pr01-thum.jpg","1","2026-09-24"
"高槻 雅","ALBANOX by ACQUA","https://www.host2.jp/shop/albaox/index.html","https://www.host2.jp/shop/albaox/miyabi/index.html","https://www.host2.jp/shop/albaox/miyabi/pr01-thum.jpg","1","2026-09-24"
"愛恋","ALF","https://www.host2.jp/shop/alf/index.html","https://www.host2.jp/shop/alf/aren02/index.html","https://www.host2.jp/shop/alf/aren02/pr01-thum.jpg","1","2026-09-24"
"東照宮晃西","alice","https://www.host2.jp/shop/alice02/index.html","https://www.host2.jp/shop/alice02/kosei/index.html","https://www.host2.jp/shop/alice02/kosei/pr01-thum.jpg","1","2026-09-24"
"渚 凌","alice -second-","https://www.host2.jp/shop/alicesecond/index.html","https://www.host2.jp/shop/alicesecond/ryo/index.html","https://www.host2.jp/shop/alicesecond/ryo/pr01-thum.jpg","1","2026-09-24"
"翔","ALL BLACK","https://www.host2.jp/shop/allblack1/index.html","https://www.host2.jp/shop/allblack1/sho03/index.html","https://www.host2.jp/shop/allblack1/sho03/pr01-thum.jpg","1","2026-09-24"
"桜木ハル","ALL NOTORIOUS","https://www.host2.jp/shop/allnotorious/index.html","https://www.host2.jp/shop/allnotorious/haru2/index.html","https://www.host2.jp/shop/allnotorious/haru2/pr01-thum.jpg","1","2026-09-24"
"皇 礼央","ALL WHITE","https://www.host2.jp/shop/allfirsttime/index.html","https://www.host2.jp/shop/allfirsttime/sumeragi/index.html","https://www.host2.jp/shop/allfirsttime/sumeragi/pr01-thum.jpg","1","2026-09-24"
"飛龍","ALLWHITE TERRACE","https://www.host2.jp/shop/allwhiteterrace/index.html","https://www.host2.jp/shop/allwhiteterrace/hiryu/index.html","https://www.host2.jp/shop/allwhiteterrace/hiryu/pr01-thum.jpg","1","2026-09-24"
"七瀬るい","alpha by ACQUA -本店-","https://www.host2.jp/shop/alpha1/index.html","https://www.host2.jp/shop/alpha1/rui/index.html","https://www.host2.jp/shop/alpha1/rui/pr01-thum.jpg","1","2026-09-24"
"銀次","ANARCHY -本店-","https://www.host2.jp/shop/anarchy/index.html","https://www.host2.jp/shop/anarchy/x/index.html","https://www.host2.jp/shop/anarchy/x/pr01-thum.jpg","1","2026-09-24"
"涼風大翔","ANTIQUE direction","https://www.host2.jp/shop/antique/index.html","https://www.host2.jp/shop/antique/hiroto/index.html","https://www.host2.jp/shop/antique/hiroto/pr01-thum.jpg","1","2026-09-24"
"黒向燈弥","AOI -TOKYO-","https://www.host2.jp/shop/aoi/index.html","https://www.host2.jp/shop/aoi/toya/index.html","https://www.host2.jp/shop/aoi/toya/pr01-thum.jpg","1","2026-09-24"
"凜成","APiTS","https://www.host2.jp/shop/apits/index.html","https://www.host2.jp/shop/apits/rinsei/index.html","https://www.host2.jp/shop/apits/rinsei/pr01-thum.jpg","1","2026-09-24"
"美堂春樹","ARIEL","https://www.host2.jp/shop/arielspring/index.html","https://www.host2.jp/shop/arielspring/haruki/index.html","https://www.host2.jp/shop/arielspring/haruki/pr01-thum.jpg","1","2026-09-24"
"真人","ASCENT","https://www.host2.jp/shop/ascent/index.html","https://www.host2.jp/shop/ascent/masato/index.html","https://www.host2.jp/shop/ascent/masato/pr01-thum.jpg","1","2026-09-24"
"華宮 慧","ATTRA","https://www.host2.jp/shop/attra/index.html","https://www.host2.jp/shop/attra/kei/index.html","https://www.host2.jp/shop/attra/kei/pr01-thum.jpg","1","2026-09-24"
"晴人","AUB","https://www.host2.jp/shop/aub/index.html","https://www.host2.jp/shop/aub/haruto02/index.html","https://www.host2.jp/shop/aub/haruto02/pr01-thum.jpg","1","2026-09-24"
"帝リキヤ","AVALON","https://www.host2.jp/shop/avalon01/index.html","https://www.host2.jp/shop/avalon01/rikiya/index.html","https://www.host2.jp/shop/avalon01/rikiya/pr01-thum.jpg","1","2026-09-24"
"志垣 翔","AWAKE","https://www.host2.jp/shop/awake/index.html","https://www.host2.jp/shop/awake/guriko/index.html","https://www.host2.jp/shop/awake/guriko/pr01-thum.jpg","1","2026-09-24"
"V","AXEL by ACQUA","https://www.host2.jp/shop/axel/index.html","https://www.host2.jp/shop/axel/v/index.html","https://www.host2.jp/shop/axel/v/pr01-thum.jpg","1","2026-09-24"
"桜乃ハル","AXIOM","https://www.host2.jp/shop/axiom/index.html","https://www.host2.jp/shop/axiom/haru01/index.html","https://www.host2.jp/shop/axiom/haru01/pr01-thum.jpg","1","2026-09-24"
"夜風冬夜","B.T.S  -HONTEN-","https://www.host2.jp/shop/bts02/index.html","https://www.host2.jp/shop/bts02/toya/index.html","https://www.host2.jp/shop/bts02/toya/pr01-thum.jpg","1","2026-09-24"
"七星 蒼","BABY","https://www.host2.jp/shop/baby/index.html","https://www.host2.jp/shop/baby/aoi/index.html","https://www.host2.jp/shop/baby/aoi/pr01-thum.jpg","1","2026-09-24"
"天堂ゆうま","BEAT CRUSH-TOKYO-","https://www.host2.jp/shop/beat_crush_tokyo/index.html","https://www.host2.jp/shop/beat_crush_tokyo/yuma/index.html","https://www.host2.jp/shop/beat_crush_tokyo/yuma/pr01-thum.jpg","1","2026-09-24"
"南 桜","BLACK","https://www.host2.jp/shop/black_gd/index.html","https://www.host2.jp/shop/black_gd/sakura/index.html","https://www.host2.jp/shop/black_gd/sakura/pr01-thum.jpg","1","2026-09-24"
"天音シン","BLACK DIAMOND CLUB","https://www.host2.jp/shop/blackdiamond01/index.html","https://www.host2.jp/shop/blackdiamond01/shin01/index.html","https://www.host2.jp/shop/blackdiamond01/shin01/pr01-thum.jpg","1","2026-09-24"
"一条逢夢","BLUE","https://www.host2.jp/shop/blue/index.html","https://www.host2.jp/shop/blue/amu/index.html","https://www.host2.jp/shop/blue/amu/pr01-thum.jpg","1","2026-09-24"
"桜木大夢","Blue Rose","https://www.host2.jp/shop/bluerose01/index.html","https://www.host2.jp/shop/bluerose01/hiromu/index.html","https://www.host2.jp/shop/bluerose01/hiromu/pr01-thum.jpg","1","2026-09-24"
"咲夜 蓮","BOY","https://www.host2.jp/shop/boy/index.html","https://www.host2.jp/shop/boy/ren/index.html","https://www.host2.jp/shop/boy/ren/pr01-thum.jpg","1","2026-09-24"
"一ノ瀬エイト","CANDY","https://www.host2.jp/shop/candy01/index.html","https://www.host2.jp/shop/candy01/eito01/index.html","https://www.host2.jp/shop/candy01/eito01/pr01-thum.jpg","1","2026-09-24"
"める","CANDYS DIAMOND","https://www.host2.jp/shop/candys_diamond/index.html","https://www.host2.jp/shop/candys_diamond/meru/index.html","https://www.host2.jp/shop/candys_diamond/meru/pr01-thum.jpg","1","2026-09-24"
"柴犬癒人","CANDYS FILM","https://www.host2.jp/shop/candysfilm/index.html","https://www.host2.jp/shop/candysfilm/yuto01/index.html","https://www.host2.jp/shop/candysfilm/yuto01/pr01-thum.jpg","1","2026-09-24"
"華神集也","CANDYS GOD","https://www.host2.jp/shop/candys_god/index.html","https://www.host2.jp/shop/candys_god/shuya/index.html","https://www.host2.jp/shop/candys_god/shuya/pr01-thum.jpg","1","2026-09-24"
"おれじゃないと","CANDYS GOD -EATER-","https://www.host2.jp/shop/candys_god02/index.html","https://www.host2.jp/shop/candys_god02/naito/index.html","https://www.host2.jp/shop/candys_god02/naito/pr01-thum.jpg","1","2026-09-24"
"アレン","CANDYS HEAVEN","https://www.host2.jp/shop/heaven_gd/index.html","https://www.host2.jp/shop/heaven_gd/aren/index.html","https://www.host2.jp/shop/heaven_gd/aren/pr01-thum.jpg","1","2026-09-24"
"皇あとむ","Celeste","https://www.host2.jp/shop/celeste01/index.html","https://www.host2.jp/shop/celeste01/atomu/index.html","https://www.host2.jp/shop/celeste01/atomu/pr01-thum.jpg","1","2026-09-24"
"轟メルト","CENTURY TOKYO","https://www.host2.jp/shop/century02/index.html","https://www.host2.jp/shop/century02/merusedesu/index.html","https://www.host2.jp/shop/century02/merusedesu/pr01-thum.jpg","1","2026-09-24"
"成宮星翔","Chloe -Queens-","https://www.host2.jp/shop/chloe02/index.html","https://www.host2.jp/shop/chloe02/seito/index.html","https://www.host2.jp/shop/chloe02/seito/pr01-thum.jpg","1","2026-09-24"
"ゆいと","CIEL","https://www.host2.jp/shop/ciel/index.html","https://www.host2.jp/shop/ciel/yuito/index.html","https://www.host2.jp/shop/ciel/yuito/pr01-thum.jpg","1","2026-09-24"
"智也","CLASSIC JAPAN","https://www.host2.jp/shop/classicJapan/index.html","https://www.host2.jp/shop/classicJapan/tomoya/index.html","https://www.host2.jp/shop/classicJapan/tomoya/pr01-thum.jpg","1","2026-09-24"
"渉","CLASSY","https://www.host2.jp/shop/classy_bj/index.html","https://www.host2.jp/shop/classy_bj/wataru/index.html","https://www.host2.jp/shop/classy_bj/wataru/pr01-thum.jpg","1","2026-09-24"
"パクセロイ","club -FAIRY-","https://www.host2.jp/shop/c_fairy/index.html","https://www.host2.jp/shop/c_fairy/kota/index.html","https://www.host2.jp/shop/c_fairy/kota/pr01-thum.jpg","1","2026-09-24"
"鳳 零","club -僕らの森-","https://www.host2.jp/shop/hatch_boku/index.html","https://www.host2.jp/shop/hatch_boku/rei/index.html","https://www.host2.jp/shop/hatch_boku/rei/pr01-thum.jpg","1","2026-09-24"
"七瀬 紬","club nika","https://www.host2.jp/shop/nika/index.html","https://www.host2.jp/shop/nika/tsumugi/index.html","https://www.host2.jp/shop/nika/tsumugi/pr01-thum.jpg","1","2026-09-24"
"とわ","Cruise","https://www.host2.jp/shop/cruise/index.html","https://www.host2.jp/shop/cruise/towa2/index.html","https://www.host2.jp/shop/cruise/towa2/pr01-thum.jpg","1","2026-09-24"
"いより","CRYSTAL","https://www.host2.jp/shop/crystal02/index.html","https://www.host2.jp/shop/crystal02/iyori/index.html","https://www.host2.jp/shop/crystal02/iyori/pr01-thum.jpg","1","2026-09-24"
"達也","CURE","https://www.host2.jp/shop/cure/index.html","https://www.host2.jp/shop/cure/tatuya/index.html","https://www.host2.jp/shop/cure/tatuya/pr01-thum.jpg","1","2026-09-24"
"ディエゴ","DEAR'S ACE","https://www.host2.jp/shop/dearsaces01/index.html","https://www.host2.jp/shop/dearsaces01/dhiego/index.html","https://www.host2.jp/shop/dearsaces01/dhiego/pr01-thum.jpg","1","2026-09-24"
"月城 翠","DEAR'S ACE -CRAY-G NEO-","https://www.host2.jp/shop/dearsacescraygneo/index.html","https://www.host2.jp/shop/dearsacescraygneo/sui/index.html","https://www.host2.jp/shop/dearsacescraygneo/sui/pr01-thum.jpg","1","2026-09-24"
"湊音かをる","Dear's CROWN","https://www.host2.jp/shop/dearscrown/index.html","https://www.host2.jp/shop/dearscrown/minato/index.html","https://www.host2.jp/shop/dearscrown/minato/pr01-thum.jpg","1","2026-09-24"
"山田太郎","Decent","https://www.host2.jp/shop/decent/index.html","https://www.host2.jp/shop/decent/taro/index.html","https://www.host2.jp/shop/decent/taro/pr01-thum.jpg","1","2026-09-24"
"儚い世界","DEEP","https://www.host2.jp/shop/deep03/index.html","https://www.host2.jp/shop/deep03/sekai/index.html","https://www.host2.jp/shop/deep03/sekai/pr01-thum.jpg","1","2026-09-24"
"水瀬悠斗","Deray","https://www.host2.jp/shop/deray/index.html","https://www.host2.jp/shop/deray/yuto/index.html","https://www.host2.jp/shop/deray/yuto/pr01-thum.jpg","1","2026-09-24"
"金城 秋","Dewl","https://www.host2.jp/shop/dewl/index.html","https://www.host2.jp/shop/dewl/aki/index.html","https://www.host2.jp/shop/dewl/aki/pr01-thum.jpg","1","2026-09-24"
"流川 れおん","Dio","https://www.host2.jp/shop/dio2/index.html","https://www.host2.jp/shop/dio2/reon/index.html","https://www.host2.jp/shop/dio2/reon/pr01-thum.jpg","1","2026-09-24"
"#にゃんぱり","DOLCE1","https://www.host2.jp/shop/dolce1/index.html","https://www.host2.jp/shop/dolce1/nyanpari/index.html","https://www.host2.jp/shop/dolce1/nyanpari/pr01-thum.jpg","1","2026-09-24"
"かーいーだよー","DREAM本店","https://www.host2.jp/shop/dreamgd/index.html","https://www.host2.jp/shop/dreamgd/kaidayo/index.html","https://www.host2.jp/shop/dreamgd/kaidayo/pr01-thum.jpg","1","2026-09-24"
"中村 有","Drop","https://www.host2.jp/shop/drop/index.html","https://www.host2.jp/shop/drop/yu02/index.html","https://www.host2.jp/shop/drop/yu02/pr01-thum.jpg","1","2026-09-24"
"ダイア","EARTH","https://www.host2.jp/shop/earth3/index.html","https://www.host2.jp/shop/earth3/daia/index.html","https://www.host2.jp/shop/earth3/daia/pr01-thum.jpg","1","2026-09-24"
"颯天","ellie","https://www.host2.jp/shop/ellie/index.html","https://www.host2.jp/shop/ellie/hayate/index.html","https://www.host2.jp/shop/ellie/hayate/pr01-thum.jpg","1","2026-09-24"
"橘 詩音","Emma -Queens-","https://www.host2.jp/shop/emma/index.html","https://www.host2.jp/shop/emma/shion/index.html","https://www.host2.jp/shop/emma/shion/pr01-thum.jpg","1","2026-09-24"
"なつきひなた","EPISODE -by groupdandy-","https://www.host2.jp/shop/episode_/index.html","https://www.host2.jp/shop/episode_/hinata2/index.html","https://www.host2.jp/shop/episode_/hinata2/pr01-thum.jpg","1","2026-09-24"
"七瀬北斗","FACE","https://www.host2.jp/shop/face01/index.html","https://www.host2.jp/shop/face01/hokuto/index.html","https://www.host2.jp/shop/face01/hokuto/pr01-thum.jpg","1","2026-09-24"
"皇 要","FANCY","https://www.host2.jp/shop/fancy/index.html","https://www.host2.jp/shop/fancy/kaname/index.html","https://www.host2.jp/shop/fancy/kaname/pr01-thum.jpg","1","2026-09-24"
"帝 世那","FILIA","https://www.host2.jp/shop/filia/index.html","https://www.host2.jp/shop/filia/sena/index.html","https://www.host2.jp/shop/filia/sena/pr01-thum.jpg","1","2026-09-24"
"バサバサ翼","FILIA plus","https://www.host2.jp/shop/filiaplus/index.html","https://www.host2.jp/shop/filiaplus/tsubasa/index.html","https://www.host2.jp/shop/filiaplus/tsubasa/pr01-thum.jpg","1","2026-09-24"
"午後レイジ","FioRe","https://www.host2.jp/shop/fiore01/index.html","https://www.host2.jp/shop/fiore01/reiji/index.html","https://www.host2.jp/shop/fiore01/reiji/pr01-thum.jpg","1","2026-09-24"
"星空","FUYUTSUKI -Chocolat-","https://www.host2.jp/shop/fuyutsuki/index.html","https://www.host2.jp/shop/fuyutsuki/sera/index.html","https://www.host2.jp/shop/fuyutsuki/sera/pr01-thum.jpg","1","2026-09-24"
"ほへとに伊呂波","FUYUTSUKI -DeZon-","https://www.host2.jp/shop/dezon01/index.html","https://www.host2.jp/shop/dezon01/iroha01/index.html","https://www.host2.jp/shop/dezon01/iroha01/pr01-thum.jpg","1","2026-09-24"
"水咲 天","FUYUTSUKI -Duo-","https://www.host2.jp/shop/dezonduo/index.html","https://www.host2.jp/shop/dezonduo/ten02/index.html","https://www.host2.jp/shop/dezonduo/ten02/pr01-thum.jpg","1","2026-09-24"
"夏目","FUYUTSUKI -P2-","https://www.host2.jp/shop/p202/index.html","https://www.host2.jp/shop/p202/natsume/index.html","https://www.host2.jp/shop/p202/natsume/pr01-thum.jpg","1","2026-09-24"
"九条星音","FUYUTSUKI -PARTY-","https://www.host2.jp/shop/fuyutsuki_2/index.html","https://www.host2.jp/shop/fuyutsuki_2/shion/index.html","https://www.host2.jp/shop/fuyutsuki_2/shion/pr01-thum.jpg","1","2026-09-24"
"エル","FUYUTSUKI -PLUS-","https://www.host2.jp/shop/plus01/index.html","https://www.host2.jp/shop/plus01/eru/index.html","https://www.host2.jp/shop/plus01/eru/pr01-thum.jpg","1","2026-09-24"
"姫乃 昴","FUYUTSUKI -PURGE-","https://www.host2.jp/shop/purge/index.html","https://www.host2.jp/shop/purge/subaru/index.html","https://www.host2.jp/shop/purge/subaru/pr01-thum.jpg","1","2026-09-24"
"神楽テフン","GARDEN","https://www.host2.jp/shop/garden01/index.html","https://www.host2.jp/shop/garden01/tefun/index.html","https://www.host2.jp/shop/garden01/tefun/pr01-thum.jpg","1","2026-09-24"
"黒白メイ","GENTLY TOKYO","https://www.host2.jp/shop/gentlytokyo/index.html","https://www.host2.jp/shop/gentlytokyo/mei01/index.html","https://www.host2.jp/shop/gentlytokyo/mei01/pr01-thum.jpg","1","2026-09-24"
"あもん","GlitteR","https://www.host2.jp/shop/glitter/index.html","https://www.host2.jp/shop/glitter/amon/index.html","https://www.host2.jp/shop/glitter/amon/pr01-thum.jpg","1","2026-09-24"
"雪宮 椿","Glow","https://www.host2.jp/shop/glow01/index.html","https://www.host2.jp/shop/glow01/tsubaki/index.html","https://www.host2.jp/shop/glow01/tsubaki/pr01-thum.jpg","1","2026-09-24"
"REN","GMC","https://www.host2.jp/shop/gmc/index.html","https://www.host2.jp/shop/gmc/ren/index.html","https://www.host2.jp/shop/gmc/ren/pr01-thum.jpg","1","2026-09-24"
"平野ルカ","GOLD","https://www.host2.jp/shop/gold/index.html","https://www.host2.jp/shop/gold/ruka01/index.html","https://www.host2.jp/shop/gold/ruka01/pr01-thum.jpg","1","2026-09-24"
"酸りお","GR8","https://www.host2.jp/shop/gr8/index.html","https://www.host2.jp/shop/gr8/rio/index.html","https://www.host2.jp/shop/gr8/rio/pr01-thum.jpg","1","2026-09-24"
"天使かいと","GRAN -TOKYO-","https://www.host2.jp/shop/gran4/index.html","https://www.host2.jp/shop/gran4/kaito/index.html","https://www.host2.jp/shop/gran4/kaito/pr01-thum.jpg","1","2026-09-24"
"UTA","GRAND FES -by HAREM-","https://www.host2.jp/shop/grandfes/index.html","https://www.host2.jp/shop/grandfes/uta/index.html","https://www.host2.jp/shop/grandfes/uta/pr01-thum.jpg","1","2026-09-24"
"詠龍弥しおん","GREED -Men's LOUNGE-","https://www.host2.jp/shop/greed/index.html","https://www.host2.jp/shop/greed/shion/index.html","https://www.host2.jp/shop/greed/shion/pr01-thum.jpg","1","2026-09-24"
"天色りょーた","Guild -Since you…presents 俺だけがホストで異世界生活-","https://www.host2.jp/shop/guild/index.html","https://www.host2.jp/shop/guild/ryota/index.html","https://www.host2.jp/shop/guild/ryota/pr01-thum.jpg","1","2026-09-24"
"ともや","H2","https://www.host2.jp/shop/h201/index.html","https://www.host2.jp/shop/h201/tomoya01/index.html","https://www.host2.jp/shop/h201/tomoya01/pr01-thum.jpg","1","2026-09-24"
"紡","HANDSOME","https://www.host2.jp/shop/trend/index.html","https://www.host2.jp/shop/trend/tsumugu02/index.html","https://www.host2.jp/shop/trend/tsumugu02/pr01-thum.jpg","1","2026-09-24"
"一條レイヤ","HANG OVER","https://www.host2.jp/shop/hangover/index.html","https://www.host2.jp/shop/hangover/reiya/index.html","https://www.host2.jp/shop/hangover/reiya/pr01-thum.jpg","1","2026-09-24"
"あかねきっど","HANG OVER -ALBA-","https://www.host2.jp/shop/hangover_alba/index.html","https://www.host2.jp/shop/hangover_alba/akane/index.html","https://www.host2.jp/shop/hangover_alba/akane/pr01-thum.jpg","1","2026-09-24"
"来栖胡桃","HAPPY by ACQUA","https://www.host2.jp/shop/happy_by_acqua/index.html","https://www.host2.jp/shop/happy_by_acqua/kurumi/index.html","https://www.host2.jp/shop/happy_by_acqua/kurumi/pr01-thum.jpg","1","2026-09-24"
"早瀬 優","HAREM -総本店-","https://www.host2.jp/shop/harem001/index.html","https://www.host2.jp/shop/harem001/x/index.html","https://www.host2.jp/shop/harem001/x/pr01-thum.jpg","1","2026-09-24"
"美咲湊月","HAWKINS","https://www.host2.jp/shop/hawkins/index.html","https://www.host2.jp/shop/hawkins/mitsuki/index.html","https://www.host2.jp/shop/hawkins/mitsuki/pr01-thum.jpg","1","2026-09-24"
"あらし","HEAVEN","https://www.host2.jp/shop/heaven01/index.html","https://www.host2.jp/shop/heaven01/arashi02/index.html","https://www.host2.jp/shop/heaven01/arashi02/pr01-thum.jpg","1","2026-09-24"
"幸平創真","iKON","https://www.host2.jp/shop/ikon/index.html","https://www.host2.jp/shop/ikon/soma01/index.html","https://www.host2.jp/shop/ikon/soma01/pr01-thum.jpg","1","2026-09-24"
"いただ姫麻友","iKON -PARADISE-","https://www.host2.jp/shop/ikon_paradise/index.html","https://www.host2.jp/shop/ikon_paradise/mayu01/index.html","https://www.host2.jp/shop/ikon_paradise/mayu01/pr01-thum.jpg","1","2026-09-24"
"昊","jam","https://www.host2.jp/shop/jam/index.html","https://www.host2.jp/shop/jam/sora/index.html","https://www.host2.jp/shop/jam/sora/pr01-thum.jpg","1","2026-09-24"
"夜桜 春","JEANNE D'ARC","https://www.host2.jp/shop/jeannedarc01/index.html","https://www.host2.jp/shop/jeannedarc01/haru/index.html","https://www.host2.jp/shop/jeannedarc01/haru/pr01-thum.jpg","1","2026-09-24"
"水","L2","https://www.host2.jp/shop/l2/index.html","https://www.host2.jp/shop/l2/sui/index.html","https://www.host2.jp/shop/l2/sui/pr01-thum.jpg","1","2026-09-24"
"美月","Laguna","https://www.host2.jp/shop/laguna/index.html","https://www.host2.jp/shop/laguna/mitsuki/index.html","https://www.host2.jp/shop/laguna/mitsuki/pr01-thum.jpg","1","2026-09-24"
"美咲ユウ","LALA","https://www.host2.jp/shop/lala/index.html","https://www.host2.jp/shop/lala/yu01/index.html","https://www.host2.jp/shop/lala/yu01/pr01-thum.jpg","1","2026-09-24"
"水瀬 薫","LEGEND","https://www.host2.jp/shop/legend01/index.html","https://www.host2.jp/shop/legend01/kaoru02/index.html","https://www.host2.jp/shop/legend01/kaoru02/pr01-thum.jpg","1","2026-09-24"
"りーくん","LEX","https://www.host2.jp/shop/lex_gd/index.html","https://www.host2.jp/shop/lex_gd/rikun/index.html","https://www.host2.jp/shop/lex_gd/rikun/pr01-thum.jpg","1","2026-09-24"
"仁","LIFDRASIR","https://www.host2.jp/shop/lifdrasir/index.html","https://www.host2.jp/shop/lifdrasir/jin/index.html","https://www.host2.jp/shop/lifdrasir/jin/pr01-thum.jpg","1","2026-09-24"
"SHOZO","LIPS","https://www.host2.jp/shop/lips/index.html","https://www.host2.jp/shop/lips/shozo/index.html","https://www.host2.jp/shop/lips/shozo/pr01-thum.jpg","1","2026-09-24"
"るか","LSP -本店-","https://www.host2.jp/shop/lsp/index.html","https://www.host2.jp/shop/lsp/ruka/index.html","https://www.host2.jp/shop/lsp/ruka/pr01-thum.jpg","1","2026-09-24"
"吉野結平","LUCIR","https://www.host2.jp/shop/lucir2/index.html","https://www.host2.jp/shop/lucir2/kippei/index.html","https://www.host2.jp/shop/lucir2/kippei/pr01-thum.jpg","1","2026-09-24"
"カフネ","LUKE -Men's LOUNGE-","https://www.host2.jp/shop/luke/index.html","https://www.host2.jp/shop/luke/kafune/index.html","https://www.host2.jp/shop/luke/kafune/pr01-thum.jpg","1","2026-09-24"
"海瞳優真","Luminous","https://www.host2.jp/shop/luminous/index.html","https://www.host2.jp/shop/luminous/yuma/index.html","https://www.host2.jp/shop/luminous/yuma/pr01-thum.jpg","1","2026-09-24"
"神梛 仁","LUPINUS","https://www.host2.jp/shop/lupinis/index.html","https://www.host2.jp/shop/lupinis/jin/index.html","https://www.host2.jp/shop/lupinis/jin/pr01-thum.jpg","1","2026-09-24"
"隼","MAJESTY -NOVA-","https://www.host2.jp/shop/majesty_nova/index.html","https://www.host2.jp/shop/majesty_nova/jun/index.html","https://www.host2.jp/shop/majesty_nova/jun/pr01-thum.jpg","1","2026-09-24"
"一ノ瀬 乃愛","MAJESTY -SECOND-","https://www.host2.jp/shop/majesty_second/index.html","https://www.host2.jp/shop/majesty_second/noa/index.html","https://www.host2.jp/shop/majesty_second/noa/pr01-thum.jpg","1","2026-09-24"
"すい","MAJESTY -本店-","https://www.host2.jp/shop/majesty/index.html","https://www.host2.jp/shop/majesty/kei/index.html","https://www.host2.jp/shop/majesty/kei/pr01-thum.jpg","1","2026-09-24"
"立花 昴","MARVERICK -Men's LOUNGE the third-","https://www.host2.jp/shop/marverick_3rd/index.html","https://www.host2.jp/shop/marverick_3rd/subaru/index.html","https://www.host2.jp/shop/marverick_3rd/subaru/pr01-thum.jpg","1","2026-09-24"
"直樹","Men's & Queen","https://www.host2.jp/shop/mensandqueen/index.html","https://www.host2.jp/shop/mensandqueen/naoki01/index.html","https://www.host2.jp/shop/mensandqueen/naoki01/pr01-thum.jpg","1","2026-09-24"
"おおぞらあおい","Merci","https://www.host2.jp/shop/merci01/index.html","https://www.host2.jp/shop/merci01/aoi/index.html","https://www.host2.jp/shop/merci01/aoi/pr01-thum.jpg","1","2026-09-24"
"五十嵐 俊","MILDROUS","https://www.host2.jp/shop/mildrous/index.html","https://www.host2.jp/shop/mildrous/syun/index.html","https://www.host2.jp/shop/mildrous/syun/pr01-thum.jpg","1","2026-09-24"
"成瀬ねお（ねおぴ）","MINERVA -TOKYO-","https://www.host2.jp/shop/minerva/index.html","https://www.host2.jp/shop/minerva/neo/index.html","https://www.host2.jp/shop/minerva/neo/pr01-thum.jpg","1","2026-09-24"
"あき","NEO PLUS","https://www.host2.jp/shop/neoplus/index.html","https://www.host2.jp/shop/neoplus/aki/index.html","https://www.host2.jp/shop/neoplus/aki/pr01-thum.jpg","1","2026-09-24"
"如月 翔","NEXT -HAREM-","https://www.host2.jp/shop/nextharem/index.html","https://www.host2.jp/shop/nextharem/sho/index.html","https://www.host2.jp/shop/nextharem/sho/pr01-thum.jpg","1","2026-09-24"
"煌月 渉","No.9 by ACQUA","https://www.host2.jp/shop/no9/index.html","https://www.host2.jp/shop/no9/wataru01/index.html","https://www.host2.jp/shop/no9/wataru01/pr01-thum.jpg","1","2026-09-24"
"葵","Nyx","https://www.host2.jp/shop/nyx_k/index.html","https://www.host2.jp/shop/nyx_k/aoi/index.html","https://www.host2.jp/shop/nyx_k/aoi/pr01-thum.jpg","1","2026-09-24"
"恭馬","OPUST","https://www.host2.jp/shop/opust/index.html","https://www.host2.jp/shop/opust/kyoma/index.html","https://www.host2.jp/shop/opust/kyoma/pr01-thum.jpg","1","2026-09-24"
"瀬那 翔","OZONE -player's club-","https://www.host2.jp/shop/ozone/index.html","https://www.host2.jp/shop/ozone/kakeru02/index.html","https://www.host2.jp/shop/ozone/kakeru02/pr01-thum.jpg","1","2026-09-24"
"DIA","PINK","https://www.host2.jp/shop/pink/index.html","https://www.host2.jp/shop/pink/dia/index.html","https://www.host2.jp/shop/pink/dia/pr01-thum.jpg","1","2026-09-24"
"KEITY","PLATINA -本店-","https://www.host2.jp/shop/platina/index.html","https://www.host2.jp/shop/platina/keity/index.html","https://www.host2.jp/shop/platina/keity/pr01-thum.jpg","1","2026-09-24"
"ノア","PRINCESS","https://www.host2.jp/shop/purinsesu/index.html","https://www.host2.jp/shop/purinsesu/noa/index.html","https://www.host2.jp/shop/purinsesu/noa/pr01-thum.jpg","1","2026-09-24"
"水瀬 葵","PRISM","https://www.host2.jp/shop/prism/index.html","https://www.host2.jp/shop/prism/aoi/index.html","https://www.host2.jp/shop/prism/aoi/pr01-thum.jpg","1","2026-09-24"
"綾波速人","Queen Bee","https://www.host2.jp/shop/queen_bee/index.html","https://www.host2.jp/shop/queen_bee/hayato/index.html","https://www.host2.jp/shop/queen_bee/hayato/pr01-thum.jpg","1","2026-09-24"
"A-E-G","RAISE","https://www.host2.jp/shop/raise01/index.html","https://www.host2.jp/shop/raise01/eiji/index.html","https://www.host2.jp/shop/raise01/eiji/pr01-thum.jpg","1","2026-09-24"
"蒼汰","Re:Act","https://www.host2.jp/shop/react/index.html","https://www.host2.jp/shop/react/sota2/index.html","https://www.host2.jp/shop/react/sota2/pr01-thum.jpg","1","2026-09-24"
"希空","Re:BORN","https://www.host2.jp/shop/reborn_gd/index.html","https://www.host2.jp/shop/reborn_gd/noa01/index.html","https://www.host2.jp/shop/reborn_gd/noa01/pr01-thum.jpg","1","2026-09-24"
"白恋風磨","RE:MAKE","https://www.host2.jp/shop/remake_gd/index.html","https://www.host2.jp/shop/remake_gd/fuma01/index.html","https://www.host2.jp/shop/remake_gd/fuma01/pr01-thum.jpg","1","2026-09-24"
"成瀬 遥","Re:STAR","https://www.host2.jp/shop/restar/index.html","https://www.host2.jp/shop/restar/haruka/index.html","https://www.host2.jp/shop/restar/haruka/pr01-thum.jpg","1","2026-09-24"
"あおい","Regulus -Lounge-","https://www.host2.jp/shop/regulus_2/index.html","https://www.host2.jp/shop/regulus_2/aoi/index.html","https://www.host2.jp/shop/regulus_2/aoi/pr01-thum.jpg","1","2026-09-24"
"黒崎 剛","RESISTANCE","https://www.host2.jp/shop/resistance/index.html","https://www.host2.jp/shop/resistance/go/index.html","https://www.host2.jp/shop/resistance/go/pr01-thum.jpg","1","2026-09-24"
"柊","REVEL","https://www.host2.jp/shop/revel/index.html","https://www.host2.jp/shop/revel/shu/index.html","https://www.host2.jp/shop/revel/shu/pr01-thum.jpg","1","2026-09-24"
"印南 春","RHYTHM","https://www.host2.jp/shop/rhythm/index.html","https://www.host2.jp/shop/rhythm/haru/index.html","https://www.host2.jp/shop/rhythm/haru/pr01-thum.jpg","1","2026-09-24"
"九十九沢 瞬","ROI","https://www.host2.jp/shop/roi/index.html","https://www.host2.jp/shop/roi/misutat/index.html","https://www.host2.jp/shop/roi/misutat/pr01-thum.jpg","1","2026-09-24"
"アラン","ROMANCE","https://www.host2.jp/shop/romance1/index.html","https://www.host2.jp/shop/romance1/aran/index.html","https://www.host2.jp/shop/romance1/aran/pr01-thum.jpg","1","2026-09-24"
"風磨","ROMEO & JULIET","https://www.host2.jp/shop/rj/index.html","https://www.host2.jp/shop/rj/fuma/index.html","https://www.host2.jp/shop/rj/fuma/pr01-thum.jpg","1","2026-09-24"
"尚弥","Roots","https://www.host2.jp/shop/roots_gd/index.html","https://www.host2.jp/shop/roots_gd/naoya/index.html","https://www.host2.jp/shop/roots_gd/naoya/pr01-thum.jpg","1","2026-09-24"
"千兎千尋","ROYAL COLLECTION TOKYO","https://www.host2.jp/shop/royalcollectiontokyo/index.html","https://www.host2.jp/shop/royalcollectiontokyo/chihiro/index.html","https://www.host2.jp/shop/royalcollectiontokyo/chihiro/pr01-thum.jpg","1","2026-09-24"
"りょう","Ruby","https://www.host2.jp/shop/ruby01/index.html","https://www.host2.jp/shop/ruby01/ryo/index.html","https://www.host2.jp/shop/ruby01/ryo/pr01-thum.jpg","1","2026-09-24"
"水無瀬 隼","RUTILE","https://www.host2.jp/shop/rutile/index.html","https://www.host2.jp/shop/rutile/shun/index.html","https://www.host2.jp/shop/rutile/shun/pr01-thum.jpg","1","2026-09-24"
"流川りおん","S PIDA","https://www.host2.jp/shop/spida/index.html","https://www.host2.jp/shop/spida/rion/index.html","https://www.host2.jp/shop/spida/rion/pr01-thum.jpg","1","2026-09-24"
"月城秋夜","SELENE","https://www.host2.jp/shop/selene/index.html","https://www.host2.jp/shop/selene/shuya02/index.html","https://www.host2.jp/shop/selene/shuya02/pr01-thum.jpg","1","2026-09-24"
"未来斗#超時空転生ジェノサイドガッティス","SH&#216;T by ACQUA","https://www.host2.jp/shop/shot/index.html","https://www.host2.jp/shop/shot/mikito/index.html","https://www.host2.jp/shop/shot/mikito/pr01-thum.jpg","1","2026-09-24"
"RAI","SINCE YOU... -Classic-","https://www.host2.jp/shop/sinceyouclassic/index.html","https://www.host2.jp/shop/sinceyouclassic/rai/index.html","https://www.host2.jp/shop/sinceyouclassic/rai/pr01-thum.jpg","1","2026-09-24"
"AYUMU","SINCE YOU... -Day'z本店-","https://www.host2.jp/shop/d02/index.html","https://www.host2.jp/shop/d02/ayumu01/index.html","https://www.host2.jp/shop/d02/ayumu01/pr01-thum.jpg","1","2026-09-24"
"命","SINCE YOU... -HEROINE-","https://www.host2.jp/shop/sinceyouheroine/index.html","https://www.host2.jp/shop/sinceyouheroine/mikoto/index.html","https://www.host2.jp/shop/sinceyouheroine/mikoto/pr01-thum.jpg","1","2026-09-24"
"本城雅輝","SINCE YOU... -LEGACY-","https://www.host2.jp/shop/sinceyoulegacy/index.html","https://www.host2.jp/shop/sinceyoulegacy/masaki/index.html","https://www.host2.jp/shop/sinceyoulegacy/masaki/pr01-thum.jpg","1","2026-09-24"
"拓真","SINCE YOU... -POTALA-","https://www.host2.jp/shop/shinsuyupotara/index.html","https://www.host2.jp/shop/shinsuyupotara/takuma/index.html","https://www.host2.jp/shop/shinsuyupotara/takuma/pr01-thum.jpg","1","2026-09-24"
"るいんぽす","SINCE YOU... -ZOO-","https://www.host2.jp/shop/sinceyouzoo/index.html","https://www.host2.jp/shop/sinceyouzoo/rui02/index.html","https://www.host2.jp/shop/sinceyouzoo/rui02/pr01-thum.jpg","1","2026-09-24"
"椿 鳴","SINCE YOU... -本店-","https://www.host2.jp/shop/sinceyou3/index.html","https://www.host2.jp/shop/sinceyou3/naru/index.html","https://www.host2.jp/shop/sinceyou3/naru/pr01-thum.jpg","1","2026-09-24"
"皇 瑛翔","SINCE YOU...ZERO","https://www.host2.jp/shop/sinceyouzero/index.html","https://www.host2.jp/shop/sinceyouzero/eito/index.html","https://www.host2.jp/shop/sinceyouzero/eito/pr01-thum.jpg","1","2026-09-24"
"渋谷 凰","SINCE YOU...α","https://www.host2.jp/shop/sinceyoua/index.html","https://www.host2.jp/shop/sinceyoua/otori/index.html","https://www.host2.jp/shop/sinceyoua/otori/pr01-thum.jpg","1","2026-09-24"
"反逆の空","SIX TOKYO -HONTEN-","https://www.host2.jp/shop/sixtokyo2/index.html","https://www.host2.jp/shop/sixtokyo2/sora/index.html","https://www.host2.jp/shop/sixtokyo2/sora/pr01-thum.jpg","1","2026-09-24"
"影 響","SLY's","https://www.host2.jp/shop/slys/index.html","https://www.host2.jp/shop/slys/hibiki/index.html","https://www.host2.jp/shop/slys/hibiki/pr01-thum.jpg","1","2026-09-24"
"蒼楽","SMAPPA!HANS AXEL VON FERSEN -Smappa! Group本店-","https://www.host2.jp/shop/smappahans/index.html","https://www.host2.jp/shop/smappahans/sora1/index.html","https://www.host2.jp/shop/smappahans/sora1/pr01-thum.jpg","1","2026-09-24"
"珀","SOLO","https://www.host2.jp/shop/solo/index.html","https://www.host2.jp/shop/solo/haku01/index.html","https://www.host2.jp/shop/solo/haku01/pr01-thum.jpg","1","2026-09-24"
"希空","STORIA","https://www.host2.jp/shop/storia/index.html","https://www.host2.jp/shop/storia/noa/index.html","https://www.host2.jp/shop/storia/noa/pr01-thum.jpg","1","2026-09-24"
"天塚洸佑","SUGAR HILL","https://www.host2.jp/shop/sugarhill1/index.html","https://www.host2.jp/shop/sugarhill1/kosuke/index.html","https://www.host2.jp/shop/sugarhill1/kosuke/pr01-thum.jpg","1","2026-09-24"
"朱野 翔","THE CHIC","https://www.host2.jp/shop/thechic/index.html","https://www.host2.jp/shop/thechic/sho02/index.html","https://www.host2.jp/shop/thechic/sho02/pr01-thum.jpg","1","2026-09-24"
"徳川流一","THE CLUB -本店-","https://www.host2.jp/shop/theclub2/index.html","https://www.host2.jp/shop/theclub2/ryuichi/index.html","https://www.host2.jp/shop/theclub2/ryuichi/pr01-thum.jpg","1","2026-09-24"
"轟 シオン","THE GENTLEMEN'S CLUB","https://www.host2.jp/shop/thegentlemens/index.html","https://www.host2.jp/shop/thegentlemens/shion01/index.html","https://www.host2.jp/shop/thegentlemens/shion01/pr01-thum.jpg","1","2026-09-24"
"詩音","TOP DANDY","https://www.host2.jp/shop/topdandy/index.html","https://www.host2.jp/shop/topdandy/shion01/index.html","https://www.host2.jp/shop/topdandy/shion01/pr01-thum.jpg","1","2026-09-24"
"sena","TOP DANDY -1st-","https://www.host2.jp/shop/topdandy1st/index.html","https://www.host2.jp/shop/topdandy1st/sena01/index.html","https://www.host2.jp/shop/topdandy1st/sena01/pr01-thum.jpg","1","2026-09-24"
"一ノ瀬 周","TOP DANDY -朝TOP-","https://www.host2.jp/shop/topdandy2/index.html","https://www.host2.jp/shop/topdandy2/shu02/index.html","https://www.host2.jp/shop/topdandy2/shu02/pr01-thum.jpg","1","2026-09-24"
"岳","TOP DANDY JUICE","https://www.host2.jp/shop/topdandy_juice/index.html","https://www.host2.jp/shop/topdandy_juice/gaku/index.html","https://www.host2.jp/shop/topdandy_juice/gaku/pr01-thum.jpg","1","2026-09-24"
"sou","TOP DANDY TOKYO","https://www.host2.jp/shop/topdandy_tokyo/index.html","https://www.host2.jp/shop/topdandy_tokyo/sou/index.html","https://www.host2.jp/shop/topdandy_tokyo/sou/pr01-thum.jpg","1","2026-09-24"
"玄野 計","TOP DANDY vivid","https://www.host2.jp/shop/topdandyvivid/index.html","https://www.host2.jp/shop/topdandyvivid/kuro/index.html","https://www.host2.jp/shop/topdandyvivid/kuro/pr01-thum.jpg","1","2026-09-24"
"モブ骨憂汰","TOP DANDY ZERO","https://www.host2.jp/shop/topdandyzero/index.html","https://www.host2.jp/shop/topdandyzero/yuta/index.html","https://www.host2.jp/shop/topdandyzero/yuta/pr01-thum.jpg","1","2026-09-24"
"賢人","TOP DANDY別館","https://www.host2.jp/shop/topdandybekkan/index.html","https://www.host2.jp/shop/topdandybekkan/kento/index.html","https://www.host2.jp/shop/topdandybekkan/kento/pr01-thum.jpg","1","2026-09-24"
"大夢","TRIDENT","https://www.host2.jp/shop/trident/index.html","https://www.host2.jp/shop/trident/hiromu/index.html","https://www.host2.jp/shop/trident/hiromu/pr01-thum.jpg","1","2026-09-24"
"汐華 初流乃","TRUST","https://www.host2.jp/shop/trust01/index.html","https://www.host2.jp/shop/trust01/haruno/index.html","https://www.host2.jp/shop/trust01/haruno/pr01-thum.jpg","1","2026-09-24"
"湊","UNITED Dear's -cray-G-","https://www.host2.jp/shop/cray-g/index.html","https://www.host2.jp/shop/cray-g/minato/index.html","https://www.host2.jp/shop/cray-g/minato/pr01-thum.jpg","1","2026-09-24"
"天音恋愛","UNITED Dear's -本店-","https://www.host2.jp/shop/uniteddears/index.html","https://www.host2.jp/shop/uniteddears/rea/index.html","https://www.host2.jp/shop/uniteddears/rea/pr01-thum.jpg","1","2026-09-24"
"流川レオ","UNSER","https://www.host2.jp/shop/unser/index.html","https://www.host2.jp/shop/unser/reo02/index.html","https://www.host2.jp/shop/unser/reo02/pr01-thum.jpg","1","2026-09-24"
"桜木 凌","VALHALLA","https://www.host2.jp/shop/yggdrasill04/index.html","https://www.host2.jp/shop/yggdrasill04/ryo03/index.html","https://www.host2.jp/shop/yggdrasill04/ryo03/pr01-thum.jpg","1","2026-09-24"
"莉紅","VAMPIRE","https://www.host2.jp/shop/vampire/index.html","https://www.host2.jp/shop/vampire/riku/index.html","https://www.host2.jp/shop/vampire/riku/pr01-thum.jpg","1","2026-09-24"
"水咲空夜","VOCE","https://www.host2.jp/shop/voce/index.html","https://www.host2.jp/shop/voce/ryuya/index.html","https://www.host2.jp/shop/voce/ryuya/pr01-thum.jpg","1","2026-09-24"
"零王","VOGUE","https://www.host2.jp/shop/vogue2/index.html","https://www.host2.jp/shop/vogue2/reo/index.html","https://www.host2.jp/shop/vogue2/reo/pr01-thum.jpg","1","2026-09-24"
"黒碕健人","WORLD","https://www.host2.jp/shop/world/index.html","https://www.host2.jp/shop/world/kento/index.html","https://www.host2.jp/shop/world/kento/pr01-thum.jpg","1","2026-09-24"
"roku","yellow","https://www.host2.jp/shop/yellow01/index.html","https://www.host2.jp/shop/yellow01/roku01/index.html","https://www.host2.jp/shop/yellow01/roku01/pr01-thum.jpg","1","2026-09-24"
"櫻井瑛紫","YGGDRASILL","https://www.host2.jp/shop/yggdrasill01/index.html","https://www.host2.jp/shop/yggdrasill01/eiji/index.html","https://www.host2.jp/shop/yggdrasill01/eiji/pr01-thum.jpg","1","2026-09-24"
"あいと","ZION","https://www.host2.jp/shop/zion/index.html","https://www.host2.jp/shop/zion/aito/index.html","https://www.host2.jp/shop/zion/aito/pr01-thum.jpg","1","2026-09-24"
"淳","愛本店","https://www.host2.jp/shop/aihonten/index.html","https://www.host2.jp/shop/aihonten/atsushi/index.html","https://www.host2.jp/shop/aihonten/atsushi/pr01-thum.jpg","1","2026-09-24"
"芳村愛支","ЯEVIVAL","https://www.host2.jp/shop/revival02/index.html","https://www.host2.jp/shop/revival02/eto/index.html","https://www.host2.jp/shop/revival02/eto/pr01-thum.jpg","1","2026-09-24"
"星羅夢","a-ist Fellas","https://www.host2.jp/shop/fellas/index.html","https://www.host2.jp/shop/fellas/aran/index.html","https://www.host2.jp/shop/fellas/aran/pr01-thum.jpg","2","2026-09-24"
"七瀬ヒナタ","A.I.M","https://www.host2.jp/shop/aim2/index.html","https://www.host2.jp/shop/aim2/hinata/index.html","https://www.host2.jp/shop/aim2/hinata/pr01-thum.jpg","2","2026-09-24"
"つな","ACACIA","https://www.host2.jp/shop/acacia/index.html","https://www.host2.jp/shop/acacia/tsuna2/index.html","https://www.host2.jp/shop/acacia/tsuna2/pr01-thum.jpg","2","2026-09-24"
"夜凪ゆうは","ACQUA","https://www.host2.jp/shop/acqua/index.html","https://www.host2.jp/shop/acqua/yuha/index.html","https://www.host2.jp/shop/acqua/yuha/pr01-thum.jpg","2","2026-09-24"
"悟","ACQUA -Sapphire-","https://www.host2.jp/shop/sapphire/index.html","https://www.host2.jp/shop/sapphire/satoru/index.html","https://www.host2.jp/shop/sapphire/satoru/pr01-thum.jpg","2","2026-09-24"
"蓮","AIR","https://www.host2.jp/shop/air/index.html","https://www.host2.jp/shop/air/aoi2/index.html","https://www.host2.jp/shop/air/aoi2/pr01-thum.jpg","2","2026-09-24"
"有明優星","AIR DIAMOND","https://www.host2.jp/shop/airdiamond/index.html","https://www.host2.jp/shop/airdiamond/yusei/index.html","https://www.host2.jp/shop/airdiamond/yusei/pr01-thum.jpg","2","2026-09-24"
"大和刃牙","ALBANOX by ACQUA","https://www.host2.jp/shop/albaox/index.html","https://www.host2.jp/shop/albaox/baki/index.html","https://www.host2.jp/shop/albaox/baki/pr01-thum.jpg","2","2026-09-24"
"鬼塚航陽","ALF","https://www.host2.jp/shop/alf/index.html","https://www.host2.jp/shop/alf/koyo/index.html","https://www.host2.jp/shop/alf/koyo/pr01-thum.jpg","2","2026-09-24"
"黒咲麗人","alice","https://www.host2.jp/shop/alice02/index.html","https://www.host2.jp/shop/alice02/rei01/index.html","https://www.host2.jp/shop/alice02/rei01/pr01-thum.jpg","2","2026-09-24"
"Taka","alice -second-","https://www.host2.jp/shop/alicesecond/index.html","https://www.host2.jp/shop/alicesecond/taka/index.html","https://www.host2.jp/shop/alicesecond/taka/pr01-thum.jpg","2","2026-09-24"
"日向 葵","ALL BLACK","https://www.host2.jp/shop/allblack1/index.html","https://www.host2.jp/shop/allblack1/aoi/index.html","https://www.host2.jp/shop/allblack1/aoi/pr01-thum.jpg","2","2026-09-24"
"玲音","ALL NOTORIOUS","https://www.host2.jp/shop/allnotorious/index.html","https://www.host2.jp/shop/allnotorious/renon/index.html","https://www.host2.jp/shop/allnotorious/renon/pr01-thum.jpg","2","2026-09-24"
"南雲吏月","ALL WHITE","https://www.host2.jp/shop/allfirsttime/index.html","https://www.host2.jp/shop/allfirsttime/ritsu02/index.html","https://www.host2.jp/shop/allfirsttime/ritsu02/pr01-thum.jpg","2","2026-09-24"
"優亜","ALLWHITE TERRACE","https://www.host2.jp/shop/allwhiteterrace/index.html","https://www.host2.jp/shop/allwhiteterrace/yua/index.html","https://www.host2.jp/shop/allwhiteterrace/yua/pr01-thum.jpg","2","2026-09-24"
"朝日奈こうき","alpha by ACQUA -本店-","https://www.host2.jp/shop/alpha1/index.html","https://www.host2.jp/shop/alpha1/koki01/index.html","https://www.host2.jp/shop/alpha1/koki01/pr01-thum.jpg","2","2026-09-24"
"あお","ANARCHY -本店-","https://www.host2.jp/shop/anarchy/index.html","https://www.host2.jp/shop/anarchy/ao00/index.html","https://www.host2.jp/shop/anarchy/ao00/pr01-thum.jpg","2","2026-09-24"
"黒木 零","ANTIQUE direction","https://www.host2.jp/shop/antique/index.html","https://www.host2.jp/shop/antique/rei/index.html","https://www.host2.jp/shop/antique/rei/pr01-thum.jpg","2","2026-09-24"
"蓮","AOI -TOKYO-","https://www.host2.jp/shop/aoi/index.html","https://www.host2.jp/shop/aoi/ren01/index.html","https://www.host2.jp/shop/aoi/ren01/pr01-thum.jpg","2","2026-09-24"
"sena","APiTS","https://www.host2.jp/shop/apits/index.html","https://www.host2.jp/shop/apits/sena2/index.html","https://www.host2.jp/shop/apits/sena2/pr01-thum.jpg","2","2026-09-24"
"旬","ARIEL","https://www.host2.jp/shop/arielspring/index.html","https://www.host2.jp/shop/arielspring/shun02/index.html","https://www.host2.jp/shop/arielspring/shun02/pr01-thum.jpg","2","2026-09-24"
"A","ASCENT","https://www.host2.jp/shop/ascent/index.html","https://www.host2.jp/shop/ascent/a/index.html","https://www.host2.jp/shop/ascent/a/pr01-thum.jpg","2","2026-09-24"
"灰葉 仁","ATTRA","https://www.host2.jp/shop/attra/index.html","https://www.host2.jp/shop/attra/jin/index.html","https://www.host2.jp/shop/attra/jin/pr01-thum.jpg","2","2026-09-24"
"星乃 源","AUB","https://www.host2.jp/shop/aub/index.html","https://www.host2.jp/shop/aub/hoshino/index.html","https://www.host2.jp/shop/aub/hoshino/pr01-thum.jpg","2","2026-09-24"
"成宮乃亜","AVALON","https://www.host2.jp/shop/avalon01/index.html","https://www.host2.jp/shop/avalon01/noa/index.html","https://www.host2.jp/shop/avalon01/noa/pr01-thum.jpg","2","2026-09-24"
"新美 拓也","AWAKE","https://www.host2.jp/shop/awake/index.html","https://www.host2.jp/shop/awake/takuya/index.html","https://www.host2.jp/shop/awake/takuya/pr01-thum.jpg","2","2026-09-24"
"水樹礼斗","AXEL by ACQUA","https://www.host2.jp/shop/axel/index.html","https://www.host2.jp/shop/axel/reito/index.html","https://www.host2.jp/shop/axel/reito/pr01-thum.jpg","2","2026-09-24"
"卯月 操","AXIOM","https://www.host2.jp/shop/axiom/index.html","https://www.host2.jp/shop/axiom/misao/index.html","https://www.host2.jp/shop/axiom/misao/pr01-thum.jpg","2","2026-09-24"
"吉良 タクト","B.T.S  -HONTEN-","https://www.host2.jp/shop/bts02/index.html","https://www.host2.jp/shop/bts02/takuto/index.html","https://www.host2.jp/shop/bts02/takuto/pr01-thum.jpg","2","2026-09-24"
"桐嶋夏也","BABY","https://www.host2.jp/shop/baby/index.html","https://www.host2.jp/shop/baby/natsuya/index.html","https://www.host2.jp/shop/baby/natsuya/pr01-thum.jpg","2","2026-09-24"
"奏希","BEAT CRUSH-TOKYO-","https://www.host2.jp/shop/beat_crush_tokyo/index.html","https://www.host2.jp/shop/beat_crush_tokyo/kanano/index.html","https://www.host2.jp/shop/beat_crush_tokyo/kanano/pr01-thum.jpg","2","2026-09-24"
"迅りょう","BLACK","https://www.host2.jp/shop/black_gd/index.html","https://www.host2.jp/shop/black_gd/ryo/index.html","https://www.host2.jp/shop/black_gd/ryo/pr01-thum.jpg","2","2026-09-24"
"絢斗","BLACK DIAMOND CLUB","https://www.host2.jp/shop/blackdiamond01/index.html","https://www.host2.jp/shop/blackdiamond01/ayato/index.html","https://www.host2.jp/shop/blackdiamond01/ayato/pr01-thum.jpg","2","2026-09-24"
"大河","BLUE","https://www.host2.jp/shop/blue/index.html","https://www.host2.jp/shop/blue/taiga/index.html","https://www.host2.jp/shop/blue/taiga/pr01-thum.jpg","2","2026-09-24"
"RIKUTO","Blue Rose","https://www.host2.jp/shop/bluerose01/index.html","https://www.host2.jp/shop/bluerose01/rikuto01/index.html","https://www.host2.jp/shop/bluerose01/rikuto01/pr01-thum.jpg","2","2026-09-24"
"天馬","BOY","https://www.host2.jp/shop/boy/index.html","https://www.host2.jp/shop/boy/tenma/index.html","https://www.host2.jp/shop/boy/tenma/pr01-thum.jpg","2","2026-09-24"
"やまだはるま","CANDY","https://www.host2.jp/shop/candy01/index.html","https://www.host2.jp/shop/candy01/haruma/index.html","https://www.host2.jp/shop/candy01/haruma/pr01-thum.jpg","2","2026-09-24"
"華神疾翔","CANDYS DIAMOND","https://www.host2.jp/shop/candys_diamond/index.html","https://www.host2.jp/shop/candys_diamond/yamato/index.html","https://www.host2.jp/shop/candys_diamond/yamato/pr01-thum.jpg","2","2026-09-24"
"英 零一華","CANDYS FILM","https://www.host2.jp/shop/candysfilm/index.html","https://www.host2.jp/shop/candysfilm/reika/index.html","https://www.host2.jp/shop/candysfilm/reika/pr01-thum.jpg","2","2026-09-24"
"ONE","CANDYS GOD","https://www.host2.jp/shop/candys_god/index.html","https://www.host2.jp/shop/candys_god/one/index.html","https://www.host2.jp/shop/candys_god/one/pr01-thum.jpg","2","2026-09-24"
"あさや","CANDYS GOD -EATER-","https://www.host2.jp/shop/candys_god02/index.html","https://www.host2.jp/shop/candys_god02/asaya/index.html","https://www.host2.jp/shop/candys_god02/asaya/pr01-thum.jpg","2","2026-09-24"
"綾","CANDYS HEAVEN","https://www.host2.jp/shop/heaven_gd/index.html","https://www.host2.jp/shop/heaven_gd/aya/index.html","https://www.host2.jp/shop/heaven_gd/aya/pr01-thum.jpg","2","2026-09-24"
"柊レン","Celeste","https://www.host2.jp/shop/celeste01/index.html","https://www.host2.jp/shop/celeste01/ren01/index.html","https://www.host2.jp/shop/celeste01/ren01/pr01-thum.jpg","2","2026-09-24"
"九条 麗","CENTURY TOKYO","https://www.host2.jp/shop/century02/index.html","https://www.host2.jp/shop/century02/rei01/index.html","https://www.host2.jp/shop/century02/rei01/pr01-thum.jpg","2","2026-09-24"
"南条京垓","Chloe -Queens-","https://www.host2.jp/shop/chloe02/index.html","https://www.host2.jp/shop/chloe02/kyoga/index.html","https://www.host2.jp/shop/chloe02/kyoga/pr01-thum.jpg","2","2026-09-24"
"真桜","CIEL","https://www.host2.jp/shop/ciel/index.html","https://www.host2.jp/shop/ciel/mao/index.html","https://www.host2.jp/shop/ciel/mao/pr01-thum.jpg","2","2026-09-24"
"K","CLASSIC JAPAN","https://www.host2.jp/shop/classicJapan/index.html","https://www.host2.jp/shop/classicJapan/k01/index.html","https://www.host2.jp/shop/classicJapan/k01/pr01-thum.jpg","2","2026-09-24"
"基山 ヒロト","CLASSY","https://www.host2.jp/shop/classy_bj/index.html","https://www.host2.jp/shop/classy_bj/hiroto/index.html","https://www.host2.jp/shop/classy_bj/hiroto/pr01-thum.jpg","2","2026-09-24"
"皇姫 碧","club -FAIRY-","https://www.host2.jp/shop/c_fairy/index.html","https://www.host2.jp/shop/c_fairy/ao/index.html","https://www.host2.jp/shop/c_fairy/ao/pr01-thum.jpg","2","2026-09-24"
"森 波夏","club -僕らの森-","https://www.host2.jp/shop/hatch_boku/index.html","https://www.host2.jp/shop/hatch_boku/naga/index.html","https://www.host2.jp/shop/hatch_boku/naga/pr01-thum.jpg","2","2026-09-24"
"流川 健太郎","club nika","https://www.host2.jp/shop/nika/index.html","https://www.host2.jp/shop/nika/kentaro/index.html","https://www.host2.jp/shop/nika/kentaro/pr01-thum.jpg","2","2026-09-24"
"タケル","Cruise","https://www.host2.jp/shop/cruise/index.html","https://www.host2.jp/shop/cruise/takeru2/index.html","https://www.host2.jp/shop/cruise/takeru2/pr01-thum.jpg","2","2026-09-24"
"蓮虎","CRYSTAL","https://www.host2.jp/shop/crystal02/index.html","https://www.host2.jp/shop/crystal02/rento/index.html","https://www.host2.jp/shop/crystal02/rento/pr01-thum.jpg","2","2026-09-24"
"陽糸","CURE","https://www.host2.jp/shop/cure/index.html","https://www.host2.jp/shop/cure/hiito/index.html","https://www.host2.jp/shop/cure/hiito/pr01-thum.jpg","2","2026-09-24"
"流川 楓","DEAR'S ACE","https://www.host2.jp/shop/dearsaces01/index.html","https://www.host2.jp/shop/dearsaces01/kaede01/index.html","https://www.host2.jp/shop/dearsaces01/kaede01/pr01-thum.jpg","2","2026-09-24"
"桐島なつ","DEAR'S ACE -CRAY-G NEO-","https://www.host2.jp/shop/dearsacescraygneo/index.html","https://www.host2.jp/shop/dearsacescraygneo/natsu/index.html","https://www.host2.jp/shop/dearsacescraygneo/natsu/pr01-thum.jpg","2","2026-09-24"
"一舞姫","Dear's CROWN","https://www.host2.jp/shop/dearscrown/index.html","https://www.host2.jp/shop/dearscrown/ibuki/index.html","https://www.host2.jp/shop/dearscrown/ibuki/pr01-thum.jpg","2","2026-09-24"
"御子神 美緒","Decent","https://www.host2.jp/shop/decent/index.html","https://www.host2.jp/shop/decent/mio/index.html","https://www.host2.jp/shop/decent/mio/pr01-thum.jpg","2","2026-09-24"
"一条乃愛","DEEP","https://www.host2.jp/shop/deep03/index.html","https://www.host2.jp/shop/deep03/noa01/index.html","https://www.host2.jp/shop/deep03/noa01/pr01-thum.jpg","2","2026-09-24"
"米津玄師＠ハチ","Deray","https://www.host2.jp/shop/deray/index.html","https://www.host2.jp/shop/deray/genshi/index.html","https://www.host2.jp/shop/deray/genshi/pr01-thum.jpg","2","2026-09-24"
"桜酉杏弥","Dewl","https://www.host2.jp/shop/dewl/index.html","https://www.host2.jp/shop/dewl/kyoya/index.html","https://www.host2.jp/shop/dewl/kyoya/pr01-thum.jpg","2","2026-09-24"
"早乙女らんま","Dio","https://www.host2.jp/shop/dio2/index.html","https://www.host2.jp/shop/dio2/ramma/index.html","https://www.host2.jp/shop/dio2/ramma/pr01-thum.jpg","2","2026-09-24"
"神童レナ","DOLCE1","https://www.host2.jp/shop/dolce1/index.html","https://www.host2.jp/shop/dolce1/rena/index.html","https://www.host2.jp/shop/dolce1/rena/pr01-thum.jpg","2","2026-09-24"
"楠りあむ","DREAM本店","https://www.host2.jp/shop/dreamgd/index.html","https://www.host2.jp/shop/dreamgd/riamu/index.html","https://www.host2.jp/shop/dreamgd/riamu/pr01-thum.jpg","2","2026-09-24"
"神崎聖弥","Drop","https://www.host2.jp/shop/drop/index.html","https://www.host2.jp/shop/drop/seiya2/index.html","https://www.host2.jp/shop/drop/seiya2/pr01-thum.jpg","2","2026-09-24"
"REI","EARTH","https://www.host2.jp/shop/earth3/index.html","https://www.host2.jp/shop/earth3/rei2/index.html","https://www.host2.jp/shop/earth3/rei2/pr01-thum.jpg","2","2026-09-24"
"100％けーすけ。","ellie","https://www.host2.jp/shop/ellie/index.html","https://www.host2.jp/shop/ellie/keisuke/index.html","https://www.host2.jp/shop/ellie/keisuke/pr01-thum.jpg","2","2026-09-24"
"瑠華","Emma -Queens-","https://www.host2.jp/shop/emma/index.html","https://www.host2.jp/shop/emma/ruka/index.html","https://www.host2.jp/shop/emma/ruka/pr01-thum.jpg","2","2026-09-24"
"しぐれうい","EPISODE -by groupdandy-","https://www.host2.jp/shop/episode_/index.html","https://www.host2.jp/shop/episode_/ui/index.html","https://www.host2.jp/shop/episode_/ui/pr01-thum.jpg","2","2026-09-24"
"コウタ","FACE","https://www.host2.jp/shop/face01/index.html","https://www.host2.jp/shop/face01/kota/index.html","https://www.host2.jp/shop/face01/kota/pr01-thum.jpg","2","2026-09-24"
"如月ルイ","FANCY","https://www.host2.jp/shop/fancy/index.html","https://www.host2.jp/shop/fancy/rui/index.html","https://www.host2.jp/shop/fancy/rui/pr01-thum.jpg","2","2026-09-24"
"噂のりっくん","FILIA","https://www.host2.jp/shop/filia/index.html","https://www.host2.jp/shop/filia/rikuto/index.html","https://www.host2.jp/shop/filia/rikuto/pr01-thum.jpg","2","2026-09-24"
"ルル","FILIA plus","https://www.host2.jp/shop/filiaplus/index.html","https://www.host2.jp/shop/filiaplus/ruru/index.html","https://www.host2.jp/shop/filiaplus/ruru/pr01-thum.jpg","2","2026-09-24"
"はるな はる","FioRe","https://www.host2.jp/shop/fiore01/index.html","https://www.host2.jp/shop/fiore01/haru/index.html","https://www.host2.jp/shop/fiore01/haru/pr01-thum.jpg","2","2026-09-24"
"優木 純","FUYUTSUKI -Chocolat-","https://www.host2.jp/shop/fuyutsuki/index.html","https://www.host2.jp/shop/fuyutsuki/jun02/index.html","https://www.host2.jp/shop/fuyutsuki/jun02/pr01-thum.jpg","2","2026-09-24"
"京","FUYUTSUKI -DeZon-","https://www.host2.jp/shop/dezon01/index.html","https://www.host2.jp/shop/dezon01/Kyo/index.html","https://www.host2.jp/shop/dezon01/Kyo/pr01-thum.jpg","2","2026-09-24"
"小鳥遊 瑠夏","FUYUTSUKI -Duo-","https://www.host2.jp/shop/dezonduo/index.html","https://www.host2.jp/shop/dezonduo/ruka/index.html","https://www.host2.jp/shop/dezonduo/ruka/pr01-thum.jpg","2","2026-09-24"
"春馬","FUYUTSUKI -P2-","https://www.host2.jp/shop/p202/index.html","https://www.host2.jp/shop/p202/haruma/index.html","https://www.host2.jp/shop/p202/haruma/pr01-thum.jpg","2","2026-09-24"
"蒼月 龍","FUYUTSUKI -PARTY-","https://www.host2.jp/shop/fuyutsuki_2/index.html","https://www.host2.jp/shop/fuyutsuki_2/ryu/index.html","https://www.host2.jp/shop/fuyutsuki_2/ryu/pr01-thum.jpg","2","2026-09-24"
"青空天真","FUYUTSUKI -PLUS-","https://www.host2.jp/shop/plus01/index.html","https://www.host2.jp/shop/plus01/tenma/index.html","https://www.host2.jp/shop/plus01/tenma/pr01-thum.jpg","2","2026-09-24"
"東郷一護","FUYUTSUKI -PURGE-","https://www.host2.jp/shop/purge/index.html","https://www.host2.jp/shop/purge/ichigo/index.html","https://www.host2.jp/shop/purge/ichigo/pr01-thum.jpg","2","2026-09-24"
"水色","GARDEN","https://www.host2.jp/shop/garden01/index.html","https://www.host2.jp/shop/garden01/akua/index.html","https://www.host2.jp/shop/garden01/akua/pr01-thum.jpg","2","2026-09-24"
"つかぴょん","GENTLY TOKYO","https://www.host2.jp/shop/gentlytokyo/index.html","https://www.host2.jp/shop/gentlytokyo/tsukasa2/index.html","https://www.host2.jp/shop/gentlytokyo/tsukasa2/pr01-thum.jpg","2","2026-09-24"
"楓","GlitteR","https://www.host2.jp/shop/glitter/index.html","https://www.host2.jp/shop/glitter/kaede01/index.html","https://www.host2.jp/shop/glitter/kaede01/pr01-thum.jpg","2","2026-09-24"
"御崎桃李","Glow","https://www.host2.jp/shop/glow01/index.html","https://www.host2.jp/shop/glow01/tohri/index.html","https://www.host2.jp/shop/glow01/tohri/pr01-thum.jpg","2","2026-09-24"
"優","GMC","https://www.host2.jp/shop/gmc/index.html","https://www.host2.jp/shop/gmc/yu/index.html","https://www.host2.jp/shop/gmc/yu/pr01-thum.jpg","2","2026-09-24"
"麗羽レイト","GOLD","https://www.host2.jp/shop/gold/index.html","https://www.host2.jp/shop/gold/reito/index.html","https://www.host2.jp/shop/gold/reito/pr01-thum.jpg","2","2026-09-24"
"結月瑠衣","GR8","https://www.host2.jp/shop/gr8/index.html","https://www.host2.jp/shop/gr8/rui01/index.html","https://www.host2.jp/shop/gr8/rui01/pr01-thum.jpg","2","2026-09-24"
"黒崎一護","GRAN -TOKYO-","https://www.host2.jp/shop/gran4/index.html","https://www.host2.jp/shop/gran4/ichigo/index.html","https://www.host2.jp/shop/gran4/ichigo/pr01-thum.jpg","2","2026-09-24"
"はっぴーたける","GRAND FES -by HAREM-","https://www.host2.jp/shop/grandfes/index.html","https://www.host2.jp/shop/grandfes/takeru/index.html","https://www.host2.jp/shop/grandfes/takeru/pr01-thum.jpg","2","2026-09-24"
"青空","GREED -Men's LOUNGE-","https://www.host2.jp/shop/greed/index.html","https://www.host2.jp/shop/greed/sora/index.html","https://www.host2.jp/shop/greed/sora/pr01-thum.jpg","2","2026-09-24"
"小鳥遊ひな","Guild -Since you…presents 俺だけがホストで異世界生活-","https://www.host2.jp/shop/guild/index.html","https://www.host2.jp/shop/guild/hina/index.html","https://www.host2.jp/shop/guild/hina/pr01-thum.jpg","2","2026-09-24"
"ハク","H2","https://www.host2.jp/shop/h201/index.html","https://www.host2.jp/shop/h201/haku/index.html","https://www.host2.jp/shop/h201/haku/pr01-thum.jpg","2","2026-09-24"
"K","HANDSOME","https://www.host2.jp/shop/trend/index.html","https://www.host2.jp/shop/trend/kei0/index.html","https://www.host2.jp/shop/trend/kei0/pr01-thum.jpg","2","2026-09-24"
"透舞斗真","HANG OVER","https://www.host2.jp/shop/hangover/index.html","https://www.host2.jp/shop/hangover/toma01/index.html","https://www.host2.jp/shop/hangover/toma01/pr01-thum.jpg","2","2026-09-24"
"小町なつき","HANG OVER -ALBA-","https://www.host2.jp/shop/hangover_alba/index.html","https://www.host2.jp/shop/hangover_alba/natsuki01/index.html","https://www.host2.jp/shop/hangover_alba/natsuki01/pr01-thum.jpg","2","2026-09-24"
"早乙女 優","HAPPY by ACQUA","https://www.host2.jp/shop/happy_by_acqua/index.html","https://www.host2.jp/shop/happy_by_acqua/yu/index.html","https://www.host2.jp/shop/happy_by_acqua/yu/pr01-thum.jpg","2","2026-09-24"
"山田一郎","HAREM -総本店-","https://www.host2.jp/shop/harem001/index.html","https://www.host2.jp/shop/harem001/ichiro/index.html","https://www.host2.jp/shop/harem001/ichiro/pr01-thum.jpg","2","2026-09-24"
"SO-TA","HAWKINS","https://www.host2.jp/shop/hawkins/index.html","https://www.host2.jp/shop/hawkins/sota/index.html","https://www.host2.jp/shop/hawkins/sota/pr01-thum.jpg","2","2026-09-24"
"五月雨ちゅら","HEAVEN","https://www.host2.jp/shop/heaven01/index.html","https://www.host2.jp/shop/heaven01/ryusei02/index.html","https://www.host2.jp/shop/heaven01/ryusei02/pr01-thum.jpg","2","2026-09-24"
"タク","iKON","https://www.host2.jp/shop/ikon/index.html","https://www.host2.jp/shop/ikon/taku/index.html","https://www.host2.jp/shop/ikon/taku/pr01-thum.jpg","2","2026-09-24"
"ユウキ","iKON -PARADISE-","https://www.host2.jp/shop/ikon_paradise/index.html","https://www.host2.jp/shop/ikon_paradise/yuki/index.html","https://www.host2.jp/shop/ikon_paradise/yuki/pr01-thum.jpg","2","2026-09-24"
"千秋","jam","https://www.host2.jp/shop/jam/index.html","https://www.host2.jp/shop/jam/chiaki01/index.html","https://www.host2.jp/shop/jam/chiaki01/pr01-thum.jpg","2","2026-09-24"
"麗羽","JEANNE D'ARC","https://www.host2.jp/shop/jeannedarc01/index.html","https://www.host2.jp/shop/jeannedarc01/uruha/index.html","https://www.host2.jp/shop/jeannedarc01/uruha/pr01-thum.jpg","2","2026-09-24"
"ERU","L2","https://www.host2.jp/shop/l2/index.html","https://www.host2.jp/shop/l2/eru/index.html","https://www.host2.jp/shop/l2/eru/pr01-thum.jpg","2","2026-09-24"
"冬夜 雪","Laguna","https://www.host2.jp/shop/laguna/index.html","https://www.host2.jp/shop/laguna/yuki2/index.html","https://www.host2.jp/shop/laguna/yuki2/pr01-thum.jpg","2","2026-09-24"
"りつ","LALA","https://www.host2.jp/shop/lala/index.html","https://www.host2.jp/shop/lala/ritsu/index.html","https://www.host2.jp/shop/lala/ritsu/pr01-thum.jpg","2","2026-09-24"
"凪","LEGEND","https://www.host2.jp/shop/legend01/index.html","https://www.host2.jp/shop/legend01/nagi/index.html","https://www.host2.jp/shop/legend01/nagi/pr01-thum.jpg","2","2026-09-24"
"愛乃ルナ","LEX","https://www.host2.jp/shop/lex_gd/index.html","https://www.host2.jp/shop/lex_gd/runa/index.html","https://www.host2.jp/shop/lex_gd/runa/pr01-thum.jpg","2","2026-09-24"
"柊木 翔","LIFDRASIR","https://www.host2.jp/shop/lifdrasir/index.html","https://www.host2.jp/shop/lifdrasir/sho/index.html","https://www.host2.jp/shop/lifdrasir/sho/pr01-thum.jpg","2","2026-09-24"
"エト","LIPS","https://www.host2.jp/shop/lips/index.html","https://www.host2.jp/shop/lips/eto/index.html","https://www.host2.jp/shop/lips/eto/pr01-thum.jpg","2","2026-09-24"
"光希","LSP -本店-","https://www.host2.jp/shop/lsp/index.html","https://www.host2.jp/shop/lsp/mitsuki/index.html","https://www.host2.jp/shop/lsp/mitsuki/pr01-thum.jpg","2","2026-09-24"
"アイト","LUCIR","https://www.host2.jp/shop/lucir2/index.html","https://www.host2.jp/shop/lucir2/aito/index.html","https://www.host2.jp/shop/lucir2/aito/pr01-thum.jpg","2","2026-09-24"
"Night baron devil","LUKE -Men's LOUNGE-","https://www.host2.jp/shop/luke/index.html","https://www.host2.jp/shop/luke/devil/index.html","https://www.host2.jp/shop/luke/devil/pr01-thum.jpg","2","2026-09-24"
"柊JOE","Luminous","https://www.host2.jp/shop/luminous/index.html","https://www.host2.jp/shop/luminous/joe/index.html","https://www.host2.jp/shop/luminous/joe/pr01-thum.jpg","2","2026-09-24"
"星宮爽舞","LUPINUS","https://www.host2.jp/shop/lupinis/index.html","https://www.host2.jp/shop/lupinis/soma/index.html","https://www.host2.jp/shop/lupinis/soma/pr01-thum.jpg","2","2026-09-24"
"皇志","MAJESTY -NOVA-","https://www.host2.jp/shop/majesty_nova/index.html","https://www.host2.jp/shop/majesty_nova/oji/index.html","https://www.host2.jp/shop/majesty_nova/oji/pr01-thum.jpg","2","2026-09-24"
"一茶輝","MAJESTY -SECOND-","https://www.host2.jp/shop/majesty_second/index.html","https://www.host2.jp/shop/majesty_second/teru/index.html","https://www.host2.jp/shop/majesty_second/teru/pr01-thum.jpg","2","2026-09-24"
"夢月うた","MAJESTY -本店-","https://www.host2.jp/shop/majesty/index.html","https://www.host2.jp/shop/majesty/uta2/index.html","https://www.host2.jp/shop/majesty/uta2/pr01-thum.jpg","2","2026-09-24"
"優雅","MARVERICK -Men's LOUNGE the third-","https://www.host2.jp/shop/marverick_3rd/index.html","https://www.host2.jp/shop/marverick_3rd/yuga/index.html","https://www.host2.jp/shop/marverick_3rd/yuga/pr01-thum.jpg","2","2026-09-24"
"櫻 維人","Men's & Queen","https://www.host2.jp/shop/mensandqueen/index.html","https://www.host2.jp/shop/mensandqueen/ito/index.html","https://www.host2.jp/shop/mensandqueen/ito/pr01-thum.jpg","2","2026-09-24"
"本田望結","Merci","https://www.host2.jp/shop/merci01/index.html","https://www.host2.jp/shop/merci01/miyu/index.html","https://www.host2.jp/shop/merci01/miyu/pr01-thum.jpg","2","2026-09-24"
"ハク","MILDROUS","https://www.host2.jp/shop/mildrous/index.html","https://www.host2.jp/shop/mildrous/haku/index.html","https://www.host2.jp/shop/mildrous/haku/pr01-thum.jpg","2","2026-09-24"
"南","MINERVA -TOKYO-","https://www.host2.jp/shop/minerva/index.html","https://www.host2.jp/shop/minerva/minami/index.html","https://www.host2.jp/shop/minerva/minami/pr01-thum.jpg","2","2026-09-24"
"音羽優我","NEO PLUS","https://www.host2.jp/shop/neoplus/index.html","https://www.host2.jp/shop/neoplus/yuga/index.html","https://www.host2.jp/shop/neoplus/yuga/pr01-thum.jpg","2","2026-09-24"
"潔 世一","NEXT -HAREM-","https://www.host2.jp/shop/nextharem/index.html","https://www.host2.jp/shop/nextharem/yoichi/index.html","https://www.host2.jp/shop/nextharem/yoichi/pr01-thum.jpg","2","2026-09-24"
"結","No.9 by ACQUA","https://www.host2.jp/shop/no9/index.html","https://www.host2.jp/shop/no9/yui/index.html","https://www.host2.jp/shop/no9/yui/pr01-thum.jpg","2","2026-09-24"
"日向翔陽","Nyx","https://www.host2.jp/shop/nyx_k/index.html","https://www.host2.jp/shop/nyx_k/shoyo/index.html","https://www.host2.jp/shop/nyx_k/shoyo/pr01-thum.jpg","2","2026-09-24"
"波風ミナト","OPUST","https://www.host2.jp/shop/opust/index.html","https://www.host2.jp/shop/opust/minato/index.html","https://www.host2.jp/shop/opust/minato/pr01-thum.jpg","2","2026-09-24"
"白馬シュン","OZONE -player's club-","https://www.host2.jp/shop/ozone/index.html","https://www.host2.jp/shop/ozone/shun/index.html","https://www.host2.jp/shop/ozone/shun/pr01-thum.jpg","2","2026-09-24"
"反逆のルルーシュ","PINK","https://www.host2.jp/shop/pink/index.html","https://www.host2.jp/shop/pink/rurushu/index.html","https://www.host2.jp/shop/pink/rurushu/pr01-thum.jpg","2","2026-09-24"
"鳳条アリス","PLATINA -本店-","https://www.host2.jp/shop/platina/index.html","https://www.host2.jp/shop/platina/arisu/index.html","https://www.host2.jp/shop/platina/arisu/pr01-thum.jpg","2","2026-09-24"
"ウインナーオイタ","PRINCESS","https://www.host2.jp/shop/purinsesu/index.html","https://www.host2.jp/shop/purinsesu/oita/index.html","https://www.host2.jp/shop/purinsesu/oita/pr01-thum.jpg","2","2026-09-24"
"みなみなと","PRISM","https://www.host2.jp/shop/prism/index.html","https://www.host2.jp/shop/prism/minato/index.html","https://www.host2.jp/shop/prism/minato/pr01-thum.jpg","2","2026-09-24"
"政宗","Queen Bee","https://www.host2.jp/shop/queen_bee/index.html","https://www.host2.jp/shop/queen_bee/masamune/index.html","https://www.host2.jp/shop/queen_bee/masamune/pr01-thum.jpg","2","2026-09-24"
"柴田リヒト","RAISE","https://www.host2.jp/shop/raise01/index.html","https://www.host2.jp/shop/raise01/rihito/index.html","https://www.host2.jp/shop/raise01/rihito/pr01-thum.jpg","2","2026-09-24"
"kyosuke","Re:Act","https://www.host2.jp/shop/react/index.html","https://www.host2.jp/shop/react/kyosuke/index.html","https://www.host2.jp/shop/react/kyosuke/pr01-thum.jpg","2","2026-09-24"
"Taka","Re:BORN","https://www.host2.jp/shop/reborn_gd/index.html","https://www.host2.jp/shop/reborn_gd/taka/index.html","https://www.host2.jp/shop/reborn_gd/taka/pr01-thum.jpg","2","2026-09-24"
"なーたん","RE:MAKE","https://www.host2.jp/shop/remake_gd/index.html","https://www.host2.jp/shop/remake_gd/natan/index.html","https://www.host2.jp/shop/remake_gd/natan/pr01-thum.jpg","2","2026-09-24"
"緋村剣心","Re:STAR","https://www.host2.jp/shop/restar/index.html","https://www.host2.jp/shop/restar/kenshin/index.html","https://www.host2.jp/shop/restar/kenshin/pr01-thum.jpg","2","2026-09-24"
"にの","Regulus -Lounge-","https://www.host2.jp/shop/regulus_2/index.html","https://www.host2.jp/shop/regulus_2/nino/index.html","https://www.host2.jp/shop/regulus_2/nino/pr01-thum.jpg","2","2026-09-24"
"湊","RESISTANCE","https://www.host2.jp/shop/resistance/index.html","https://www.host2.jp/shop/resistance/minato/index.html","https://www.host2.jp/shop/resistance/minato/pr01-thum.jpg","2","2026-09-24"
"安永悠斗","REVEL","https://www.host2.jp/shop/revel/index.html","https://www.host2.jp/shop/revel/haruka20/index.html","https://www.host2.jp/shop/revel/haruka20/pr01-thum.jpg","2","2026-09-24"
"小早川セナ","RHYTHM","https://www.host2.jp/shop/rhythm/index.html","https://www.host2.jp/shop/rhythm/sena/index.html","https://www.host2.jp/shop/rhythm/sena/pr01-thum.jpg","2","2026-09-24"
"黒 蒼司","ROI","https://www.host2.jp/shop/roi/index.html","https://www.host2.jp/shop/roi/aoshi/index.html","https://www.host2.jp/shop/roi/aoshi/pr01-thum.jpg","2","2026-09-24"
"竜斗","ROMANCE","https://www.host2.jp/shop/romance1/index.html","https://www.host2.jp/shop/romance1/ryuto/index.html","https://www.host2.jp/shop/romance1/ryuto/pr01-thum.jpg","2","2026-09-24"
"ハルヤ","ROMEO & JULIET","https://www.host2.jp/shop/rj/index.html","https://www.host2.jp/shop/rj/haruya/index.html","https://www.host2.jp/shop/rj/haruya/pr01-thum.jpg","2","2026-09-24"
"羌瘣","Roots","https://www.host2.jp/shop/roots_gd/index.html","https://www.host2.jp/shop/roots_gd/kyokai/index.html","https://www.host2.jp/shop/roots_gd/kyokai/pr01-thum.jpg","2","2026-09-24"
"雨宮 蘭","ROYAL COLLECTION TOKYO","https://www.host2.jp/shop/royalcollectiontokyo/index.html","https://www.host2.jp/shop/royalcollectiontokyo/ran/index.html","https://www.host2.jp/shop/royalcollectiontokyo/ran/pr01-thum.jpg","2","2026-09-24"
"弔","Ruby","https://www.host2.jp/shop/ruby01/index.html","https://www.host2.jp/shop/ruby01/tomura/index.html","https://www.host2.jp/img/com/staff_pr.jpg","2","2026-09-24"
"陽斗","RUTILE","https://www.host2.jp/shop/rutile/index.html","https://www.host2.jp/shop/rutile/hiroto/index.html","https://www.host2.jp/shop/rutile/hiroto/pr01-thum.jpg","2","2026-09-24"
"七星天星","S PIDA","https://www.host2.jp/shop/spida/index.html","https://www.host2.jp/shop/spida/tensei/index.html","https://www.host2.jp/shop/spida/tensei/pr01-thum.jpg","2","2026-09-24"
"魁星","SELENE","https://www.host2.jp/shop/selene/index.html","https://www.host2.jp/shop/selene/kaisei/index.html","https://www.host2.jp/shop/selene/kaisei/pr01-thum.jpg","2","2026-09-24"
"ミナト","SH&#216;T by ACQUA","https://www.host2.jp/shop/shot/index.html","https://www.host2.jp/shop/shot/minato/index.html","https://www.host2.jp/shop/shot/minato/pr01-thum.jpg","2","2026-09-24"
"鬼滅の華","SINCE YOU... -Classic-","https://www.host2.jp/shop/sinceyouclassic/index.html","https://www.host2.jp/shop/sinceyouclassic/hana01/index.html","https://www.host2.jp/shop/sinceyouclassic/hana01/pr01-thum.jpg","2","2026-09-24"
"たいき","SINCE YOU... -Day'z本店-","https://www.host2.jp/shop/d02/index.html","https://www.host2.jp/shop/d02/taiki/index.html","https://www.host2.jp/shop/d02/taiki/pr01-thum.jpg","2","2026-09-24"
"白空 なぎさ","SINCE YOU... -HEROINE-","https://www.host2.jp/shop/sinceyouheroine/index.html","https://www.host2.jp/shop/sinceyouheroine/nagisa/index.html","https://www.host2.jp/shop/sinceyouheroine/nagisa/pr01-thum.jpg","2","2026-09-24"
"Shino","SINCE YOU... -LEGACY-","https://www.host2.jp/shop/sinceyoulegacy/index.html","https://www.host2.jp/shop/sinceyoulegacy/shino/index.html","https://www.host2.jp/shop/sinceyoulegacy/shino/pr01-thum.jpg","2","2026-09-24"
"我路 雅","SINCE YOU... -POTALA-","https://www.host2.jp/shop/shinsuyupotara/index.html","https://www.host2.jp/shop/shinsuyupotara/miyabi/index.html","https://www.host2.jp/shop/shinsuyupotara/miyabi/pr01-thum.jpg","2","2026-09-24"
"一ノ瀬 蒼","SINCE YOU... -ZOO-","https://www.host2.jp/shop/sinceyouzoo/index.html","https://www.host2.jp/shop/sinceyouzoo/aoi/index.html","https://www.host2.jp/shop/sinceyouzoo/aoi/pr01-thum.jpg","2","2026-09-24"
"神崎 リセ","SINCE YOU... -本店-","https://www.host2.jp/shop/sinceyou3/index.html","https://www.host2.jp/shop/sinceyou3/kanzakirise/index.html","https://www.host2.jp/shop/sinceyou3/kanzakirise/pr01-thum.jpg","2","2026-09-24"
"愛早零流","SINCE YOU...ZERO","https://www.host2.jp/shop/sinceyouzero/index.html","https://www.host2.jp/shop/sinceyouzero/reru/index.html","https://www.host2.jp/shop/sinceyouzero/reru/pr01-thum.jpg","2","2026-09-24"
"秋","SINCE YOU...α","https://www.host2.jp/shop/sinceyoua/index.html","https://www.host2.jp/shop/sinceyoua/aki/index.html","https://www.host2.jp/shop/sinceyoua/aki/pr01-thum.jpg","2","2026-09-24"
"凛斗","SIX TOKYO -HONTEN-","https://www.host2.jp/shop/sixtokyo2/index.html","https://www.host2.jp/shop/sixtokyo2/rito/index.html","https://www.host2.jp/shop/sixtokyo2/rito/pr01-thum.jpg","2","2026-09-24"
"結木 唯","SLY's","https://www.host2.jp/shop/slys/index.html","https://www.host2.jp/shop/slys/yui2/index.html","https://www.host2.jp/shop/slys/yui2/pr01-thum.jpg","2","2026-09-24"
"瑠偉","SMAPPA!HANS AXEL VON FERSEN -Smappa! Group本店-","https://www.host2.jp/shop/smappahans/index.html","https://www.host2.jp/shop/smappahans/rui3/index.html","https://www.host2.jp/shop/smappahans/rui3/pr01-thum.jpg","2","2026-09-24"
"渋谷 楓","SOLO","https://www.host2.jp/shop/solo/index.html","https://www.host2.jp/shop/solo/kaede/index.html","https://www.host2.jp/shop/solo/kaede/pr01-thum.jpg","2","2026-09-24"
"安室 透","STORIA","https://www.host2.jp/shop/storia/index.html","https://www.host2.jp/shop/storia/toru/index.html","https://www.host2.jp/img/com/staff_pr.jpg","2","2026-09-24"
"優","SUGAR HILL","https://www.host2.jp/shop/sugarhill1/index.html","https://www.host2.jp/shop/sugarhill1/yu/index.html","https://www.host2.jp/shop/sugarhill1/yu/pr01-thum.jpg","2","2026-09-24"
"らのべ","THE CHIC","https://www.host2.jp/shop/thechic/index.html","https://www.host2.jp/shop/thechic/ranobe/index.html","https://www.host2.jp/shop/thechic/ranobe/pr01-thum.jpg","2","2026-09-24"
"遠坂 凛","THE CLUB -本店-","https://www.host2.jp/shop/theclub2/index.html","https://www.host2.jp/shop/theclub2/rin/index.html","https://www.host2.jp/shop/theclub2/rin/pr01-thum.jpg","2","2026-09-24"
"早乙女 岬","THE GENTLEMEN'S CLUB","https://www.host2.jp/shop/thegentlemens/index.html","https://www.host2.jp/shop/thegentlemens/misaki01/index.html","https://www.host2.jp/shop/thegentlemens/misaki01/pr01-thum.jpg","2","2026-09-24"
"夜空カケル","TOP DANDY","https://www.host2.jp/shop/topdandy/index.html","https://www.host2.jp/shop/topdandy/kakeru/index.html","https://www.host2.jp/shop/topdandy/kakeru/pr01-thum.jpg","2","2026-09-24"
"千咲はると","TOP DANDY -1st-","https://www.host2.jp/shop/topdandy1st/index.html","https://www.host2.jp/shop/topdandy1st/haruto/index.html","https://www.host2.jp/shop/topdandy1st/haruto/pr01-thum.jpg","2","2026-09-24"
"元気","TOP DANDY -朝TOP-","https://www.host2.jp/shop/topdandy2/index.html","https://www.host2.jp/shop/topdandy2/genki/index.html","https://www.host2.jp/shop/topdandy2/genki/pr01-thum.jpg","2","2026-09-24"
"椿","TOP DANDY JUICE","https://www.host2.jp/shop/topdandy_juice/index.html","https://www.host2.jp/shop/topdandy_juice/tsubaki00/index.html","https://www.host2.jp/shop/topdandy_juice/tsubaki00/pr01-thum.jpg","2","2026-09-24"
"レオナルド・レノピ","TOP DANDY TOKYO","https://www.host2.jp/shop/topdandy_tokyo/index.html","https://www.host2.jp/shop/topdandy_tokyo/reno/index.html","https://www.host2.jp/shop/topdandy_tokyo/reno/pr01-thum.jpg","2","2026-09-24"
"天志","TOP DANDY vivid","https://www.host2.jp/shop/topdandyvivid/index.html","https://www.host2.jp/shop/topdandyvivid/tenshi/index.html","https://www.host2.jp/shop/topdandyvivid/tenshi/pr01-thum.jpg","2","2026-09-24"
"大空 遥","TOP DANDY ZERO","https://www.host2.jp/shop/topdandyzero/index.html","https://www.host2.jp/shop/topdandyzero/haruka/index.html","https://www.host2.jp/shop/topdandyzero/haruka/pr01-thum.jpg","2","2026-09-24"
"夏目 雪","TOP DANDY別館","https://www.host2.jp/shop/topdandybekkan/index.html","https://www.host2.jp/shop/topdandybekkan/yuki/index.html","https://www.host2.jp/shop/topdandybekkan/yuki/pr01-thum.jpg","2","2026-09-24"
"ジン=フリークス","TRIDENT","https://www.host2.jp/shop/trident/index.html","https://www.host2.jp/shop/trident/jin2/index.html","https://www.host2.jp/shop/trident/jin2/pr01-thum.jpg","2","2026-09-24"
"松村 翠","TRUST","https://www.host2.jp/shop/trust01/index.html","https://www.host2.jp/shop/trust01/sui/index.html","https://www.host2.jp/shop/trust01/sui/pr01-thum.jpg","2","2026-09-24"
"茜","UNITED Dear's -cray-G-","https://www.host2.jp/shop/cray-g/index.html","https://www.host2.jp/shop/cray-g/udon/index.html","https://www.host2.jp/shop/cray-g/udon/pr01-thum.jpg","2","2026-09-24"
"蒼生 耀","UNITED Dear's -本店-","https://www.host2.jp/shop/uniteddears/index.html","https://www.host2.jp/shop/uniteddears/yo/index.html","https://www.host2.jp/shop/uniteddears/yo/pr01-thum.jpg","2","2026-09-24"
"武尊","UNSER","https://www.host2.jp/shop/unser/index.html","https://www.host2.jp/shop/unser/takeru/index.html","https://www.host2.jp/shop/unser/takeru/pr01-thum.jpg","2","2026-09-24"
"冬島水月","VALHALLA","https://www.host2.jp/shop/yggdrasill04/index.html","https://www.host2.jp/shop/yggdrasill04/mizuki/index.html","https://www.host2.jp/shop/yggdrasill04/mizuki/pr01-thum.jpg","2","2026-09-24"
"刹那","VAMPIRE","https://www.host2.jp/shop/vampire/index.html","https://www.host2.jp/shop/vampire/setsuna2/index.html","https://www.host2.jp/shop/vampire/setsuna2/pr01-thum.jpg","2","2026-09-24"
"新堂 圭","VOCE","https://www.host2.jp/shop/voce/index.html","https://www.host2.jp/shop/voce/kei02/index.html","https://www.host2.jp/shop/voce/kei02/pr01-thum.jpg","2","2026-09-24"
"雅","VOGUE","https://www.host2.jp/shop/vogue2/index.html","https://www.host2.jp/shop/vogue2/miyabi/index.html","https://www.host2.jp/shop/vogue2/miyabi/pr01-thum.jpg","2","2026-09-24"
"夜神 月","WORLD","https://www.host2.jp/shop/world/index.html","https://www.host2.jp/shop/world/raito05/index.html","https://www.host2.jp/shop/world/raito05/pr01-thum.jpg","2","2026-09-24"
"浮所 叶","yellow","https://www.host2.jp/shop/yellow01/index.html","https://www.host2.jp/shop/yellow01/kanau/index.html","https://www.host2.jp/shop/yellow01/kanau/pr01-thum.jpg","2","2026-09-24"
"ジャン グク","YGGDRASILL","https://www.host2.jp/shop/yggdrasill01/index.html","https://www.host2.jp/shop/yggdrasill01/guku/index.html","https://www.host2.jp/shop/yggdrasill01/guku/pr01-thum.jpg","2","2026-09-24"
"すみれ","ZION","https://www.host2.jp/shop/zion/index.html","https://www.host2.jp/shop/zion/sumire/index.html","https://www.host2.jp/shop/zion/sumire/pr01-thum.jpg","2","2026-09-24"
"吹雪","愛本店","https://www.host2.jp/shop/aihonten/index.html","https://www.host2.jp/shop/aihonten/fubuki/index.html","https://www.host2.jp/shop/aihonten/fubuki/pr01-thum.jpg","2","2026-09-24"
"Mr.T","ЯEVIVAL","https://www.host2.jp/shop/revival02/index.html","https://www.host2.jp/shop/revival02/t/index.html","https://www.host2.jp/shop/revival02/t/pr01-thum.jpg","2","2026-09-24"
"霧島幸夜","a-ist Fellas","https://www.host2.jp/shop/fellas/index.html","https://www.host2.jp/shop/fellas/yukiya/index.html","https://www.host2.jp/shop/fellas/yukiya/pr01-thum.jpg","3","2026-09-24"
"理玖","A.I.M","https://www.host2.jp/shop/aim2/index.html","https://www.host2.jp/shop/aim2/riku/index.html","https://www.host2.jp/shop/aim2/riku/pr01-thum.jpg","3","2026-09-24"
"瑠姫","ACACIA","https://www.host2.jp/shop/acacia/index.html","https://www.host2.jp/shop/acacia/ruki/index.html","https://www.host2.jp/shop/acacia/ruki/pr01-thum.jpg","3","2026-09-24"
"皐月","ACQUA","https://www.host2.jp/shop/acqua/index.html","https://www.host2.jp/shop/acqua/satsuki/index.html","https://www.host2.jp/shop/acqua/satsuki/pr01-thum.jpg","3","2026-09-24"
"夜桜 咲","ACQUA -Sapphire-","https://www.host2.jp/shop/sapphire/index.html","https://www.host2.jp/shop/sapphire/saku/index.html","https://www.host2.jp/shop/sapphire/saku/pr01-thum.jpg","3","2026-09-24"
"龍","AIR","https://www.host2.jp/shop/air/index.html","https://www.host2.jp/shop/air/ryu02/index.html","https://www.host2.jp/shop/air/ryu02/pr01-thum.jpg","3","2026-09-24"
"優","AIR DIAMOND","https://www.host2.jp/shop/airdiamond/index.html","https://www.host2.jp/shop/airdiamond/yu/index.html","https://www.host2.jp/shop/airdiamond/yu/pr01-thum.jpg","3","2026-09-24"
"一条 薫","ALBANOX by ACQUA","https://www.host2.jp/shop/albaox/index.html","https://www.host2.jp/shop/albaox/kaoru01/index.html","https://www.host2.jp/shop/albaox/kaoru01/pr01-thum.jpg","3","2026-09-24"
"ゆめ","ALF","https://www.host2.jp/shop/alf/index.html","https://www.host2.jp/shop/alf/yume/index.html","https://www.host2.jp/shop/alf/yume/pr01-thum.jpg","3","2026-09-24"
"遊真","alice","https://www.host2.jp/shop/alice02/index.html","https://www.host2.jp/shop/alice02/yuma/index.html","https://www.host2.jp/shop/alice02/yuma/pr01-thum.jpg","3","2026-09-24"
