name,shop,host2_shop_url,host2_profile_url,photo_source_url,shop_monthly_rank,collected_at,selection_score,shop_listed_hosts,sns_tiktok_top30_match,external_popularity_signal,selection_basis
七瀬るい,alpha by ACQUA -本店-,https://www.host2.jp/shop/alpha1/index.html,https://www.host2.jp/shop/alpha1/rui/index.html,https://www.host2.jp/shop/alpha1/rui/pr01-thum.jpg,1,2026-09-24,10556,28,yes,,Host2 monthly in-shop rank; listed shop scale; public SNS/popularity match when exact-name verified
パクセロイ,club -FAIRY-,https://www.host2.jp/shop/c_fairy/index.html,https://www.host2.jp/shop/c_fairy/kota/index.html,https://www.host2.jp/shop/c_fairy/kota/pr01-thum.jpg,1,2026-09-24,10550,25,yes,,Host2 monthly in-shop rank; listed shop scale; public SNS/popularity match when exact-name verified
一ノ瀬エイト,CANDY,https://www.host2.jp/shop/candy01/index.html,https://www.host2.jp/shop/candy01/eito01/index.html,https://www.host2.jp/shop/candy01/eito01/pr01-thum.jpg,1,2026-09-24,660,169,,,Host2 monthly in-shop rank; listed shop scale; public SNS/popularity match when exact-name verified
天使咲瑠,CHRONO,https://www.host2.jp/shop/chrono_nagoya/index.html,https://www.host2.jp/shop/chrono_nagoya/elle/index.html,https://www.host2.jp/shop/chrono_nagoya/elle/pr01-thum.jpg,1,2026-09-24,660,89,,,Host2 monthly in-shop rank; listed shop scale; public SNS/popularity match when exact-name verified
桜木 凌,VALHALLA,https://www.host2.jp/shop/yggdrasill04/index.html,https://www.host2.jp/shop/yggdrasill04/ryo03/index.html,https://www.host2.jp/shop/yggdrasill04/ryo03/pr01-thum.jpg,1,2026-09-24,660,110,,,Host2 monthly in-shop rank; listed shop scale; public SNS/popularity match when exact-name verified
賢人,TOP DANDY別館,https://www.host2.jp/shop/topdandybekkan/index.html,https://www.host2.jp/shop/topdandybekkan/kento/index.html,https://www.host2.jp/shop/topdandybekkan/kento/pr01-thum.jpg,1,2026-09-24,660,89,,,Host2 monthly in-shop rank; listed shop scale; public SNS/popularity match when exact-name verified
水瀬 葵,PRISM,https://www.host2.jp/shop/prism/index.html,https://www.host2.jp/shop/prism/aoi/index.html,https://www.host2.jp/shop/prism/aoi/pr01-thum.jpg,1,2026-09-24,648,74,,,Host2 monthly in-shop rank; listed shop scale; public SNS/popularity match when exact-name verified
るか,LSP -本店-,https://www.host2.jp/shop/lsp/index.html,https://www.host2.jp/shop/lsp/ruka/index.html,https://www.host2.jp/shop/lsp/ruka/pr01-thum.jpg,1,2026-09-24,646,73,,,Host2 monthly in-shop rank; listed shop scale; public SNS/popularity match when exact-name verified
妃咲叶桜,ESPRINCE KUMAMOTO,https://www.host2.jp/shop/esprincekumamoto/index.html,https://www.host2.jp/shop/esprincekumamoto/kanon/index.html,https://www.host2.jp/shop/esprincekumamoto/kanon/pr01-thum.jpg,0,2026-09-24,638,19,,,Host2 monthly in-shop rank; listed shop scale; public SNS/popularity match when exact-name verified
白恋風磨,RE:MAKE,https://www.host2.jp/shop/remake_gd/index.html,https://www.host2.jp/shop/remake_gd/fuma01/index.html,https://www.host2.jp/shop/remake_gd/fuma01/pr01-thum.jpg,1,2026-09-24,638,69,,,Host2 monthly in-shop rank; listed shop scale; public SNS/popularity match when exact-name verified
流星,TOP DANDY NAGOYA,https://www.host2.jp/shop/topdandynagoya/index.html,https://www.host2.jp/shop/topdandynagoya/ryusei/index.html,https://www.host2.jp/shop/topdandynagoya/ryusei/pr01-thum.jpg,1,2026-09-24,636,68,,,Host2 monthly in-shop rank; listed shop scale; public SNS/popularity match when exact-name verified
皇 礼央,ALL WHITE,https://www.host2.jp/shop/allfirsttime/index.html,https://www.host2.jp/shop/allfirsttime/sumeragi/index.html,https://www.host2.jp/shop/allfirsttime/sumeragi/pr01-thum.jpg,1,2026-09-24,632,66,,,Host2 monthly in-shop rank; listed shop scale; public SNS/popularity match when exact-name verified
紅夜,MONSTAR,https://www.host2.jp/shop/monstar/index.html,https://www.host2.jp/shop/monstar/akaya/index.html,https://www.host2.jp/shop/monstar/akaya/pr01-thum.jpg,1,2026-09-24,620,60,,,Host2 monthly in-shop rank; listed shop scale; public SNS/popularity match when exact-name verified
早瀬 優,HAREM -総本店-,https://www.host2.jp/shop/harem001/index.html,https://www.host2.jp/shop/harem001/x/index.html,https://www.host2.jp/shop/harem001/x/pr01-thum.jpg,1,2026-09-24,618,59,,,Host2 monthly in-shop rank; listed shop scale; public SNS/popularity match when exact-name verified
希劉(スーパーコリアン),UNIVERSE -NOVA-,https://www.host2.jp/shop/novaosakaminami/index.html,https://www.host2.jp/shop/novaosakaminami/kiru/index.html,https://www.host2.jp/shop/novaosakaminami/kiru/pr01-thum.jpg,1,2026-09-24,604,52,,,Host2 monthly in-shop rank; listed shop scale; public SNS/popularity match when exact-name verified
KEITY,PLATINA -本店-,https://www.host2.jp/shop/platina/index.html,https://www.host2.jp/shop/platina/keity/index.html,https://www.host2.jp/shop/platina/keity/pr01-thum.jpg,1,2026-09-24,602,51,,,Host2 monthly in-shop rank; listed shop scale; public SNS/popularity match when exact-name verified
儚い世界,DEEP,https://www.host2.jp/shop/deep03/index.html,https://www.host2.jp/shop/deep03/sekai/index.html,https://www.host2.jp/shop/deep03/sekai/pr01-thum.jpg,1,2026-09-24,600,50,,,Host2 monthly in-shop rank; listed shop scale; public SNS/popularity match when exact-name verified
空本みのる,GENTLE,https://www.host2.jp/shop/gentle/index.html,https://www.host2.jp/shop/gentle/minoru/index.html,https://www.host2.jp/shop/gentle/minoru/pr01-thum.jpg,1,2026-09-24,600,50,,,Host2 monthly in-shop rank; listed shop scale; public SNS/popularity match when exact-name verified
風早 樂,UNIVERSE zero,https://www.host2.jp/shop/universezero/index.html,https://www.host2.jp/shop/universezero/gaku/index.html,https://www.host2.jp/shop/universezero/gaku/pr01-thum.jpg,1,2026-09-24,600,50,,,Host2 monthly in-shop rank; listed shop scale; public SNS/popularity match when exact-name verified
颯天,ellie,https://www.host2.jp/shop/ellie/index.html,https://www.host2.jp/shop/ellie/hayate/index.html,https://www.host2.jp/shop/ellie/hayate/pr01-thum.jpg,1,2026-09-24,598,49,,,Host2 monthly in-shop rank; listed shop scale; public SNS/popularity match when exact-name verified
あらし,HEAVEN,https://www.host2.jp/shop/heaven01/index.html,https://www.host2.jp/shop/heaven01/arashi02/index.html,https://www.host2.jp/shop/heaven01/arashi02/pr01-thum.jpg,1,2026-09-24,594,47,,,Host2 monthly in-shop rank; listed shop scale; public SNS/popularity match when exact-name verified
ゆら,KING,https://www.host2.jp/shop/king2/index.html,https://www.host2.jp/shop/king2/yura/index.html,https://www.host2.jp/shop/king2/yura/pr01-thum.jpg,1,2026-09-24,594,47,,,Host2 monthly in-shop rank; listed shop scale; public SNS/popularity match when exact-name verified
酸りお,GR8,https://www.host2.jp/shop/gr8/index.html,https://www.host2.jp/shop/gr8/rio/index.html,https://www.host2.jp/shop/gr8/rio/pr01-thum.jpg,1,2026-09-24,594,47,,,Host2 monthly in-shop rank; listed shop scale; public SNS/popularity match when exact-name verified
景虎,UNIVERSE -core-,https://www.host2.jp/shop/universecore/index.html,https://www.host2.jp/shop/universecore/kagetora/index.html,https://www.host2.jp/shop/universecore/kagetora/pr01-thum.jpg,1,2026-09-24,592,46,,,Host2 monthly in-shop rank; listed shop scale; public SNS/popularity match when exact-name verified
飛龍,ALLWHITE TERRACE,https://www.host2.jp/shop/allwhiteterrace/index.html,https://www.host2.jp/shop/allwhiteterrace/hiryu/index.html,https://www.host2.jp/shop/allwhiteterrace/hiryu/pr01-thum.jpg,1,2026-09-24,592,46,,,Host2 monthly in-shop rank; listed shop scale; public SNS/popularity match when exact-name verified
李 音咒,HIGHCLASS,https://www.host2.jp/shop/highclass/index.html,https://www.host2.jp/shop/highclass/injl/index.html,https://www.host2.jp/shop/highclass/injl/pr01-thum.jpg,1,2026-09-24,590,45,,,Host2 monthly in-shop rank; listed shop scale; public SNS/popularity match when exact-name verified
一ノ瀬 周,TOP DANDY -朝TOP-,https://www.host2.jp/shop/topdandy2/index.html,https://www.host2.jp/shop/topdandy2/shu02/index.html,https://www.host2.jp/shop/topdandy2/shu02/pr01-thum.jpg,1,2026-09-24,588,44,,,Host2 monthly in-shop rank; listed shop scale; public SNS/popularity match when exact-name verified
琉生,NIRVANA,https://www.host2.jp/shop/nirvana/index.html,https://www.host2.jp/shop/nirvana/rui/index.html,https://www.host2.jp/shop/nirvana/rui/pr01-thum.jpg,1,2026-09-24,586,43,,,Host2 monthly in-shop rank; listed shop scale; public SNS/popularity match when exact-name verified
輝利人,AIR,https://www.host2.jp/shop/air/index.html,https://www.host2.jp/shop/air/kirito3/index.html,https://www.host2.jp/shop/air/kirito3/pr01-thum.jpg,1,2026-09-24,586,43,,,Host2 monthly in-shop rank; listed shop scale; public SNS/popularity match when exact-name verified
TAKERU,ETERNAL,https://www.host2.jp/shop/eternalosaka/index.html,https://www.host2.jp/shop/eternalosaka/takeru/index.html,https://www.host2.jp/shop/eternalosaka/takeru/pr01-thum.jpg,1,2026-09-24,584,42,,,Host2 monthly in-shop rank; listed shop scale; public SNS/popularity match when exact-name verified
しょう,EDEN,https://www.host2.jp/shop/eden/index.html,https://www.host2.jp/shop/eden/sho/index.html,https://www.host2.jp/shop/eden/sho/pr01-thum.jpg,1,2026-09-24,584,42,,,Host2 monthly in-shop rank; listed shop scale; public SNS/popularity match when exact-name verified
ダイア,EARTH,https://www.host2.jp/shop/earth3/index.html,https://www.host2.jp/shop/earth3/daia/index.html,https://www.host2.jp/shop/earth3/daia/pr01-thum.jpg,1,2026-09-24,584,42,,,Host2 monthly in-shop rank; listed shop scale; public SNS/popularity match when exact-name verified
仁,LIFDRASIR,https://www.host2.jp/shop/lifdrasir/index.html,https://www.host2.jp/shop/lifdrasir/jin/index.html,https://www.host2.jp/shop/lifdrasir/jin/pr01-thum.jpg,1,2026-09-24,584,42,,,Host2 monthly in-shop rank; listed shop scale; public SNS/popularity match when exact-name verified
桜咲皐月,TOP1ONE,https://www.host2.jp/shop/topone/index.html,https://www.host2.jp/shop/topone/satsuki/index.html,https://www.host2.jp/shop/topone/satsuki/pr01-thum.jpg,1,2026-09-24,584,42,,,Host2 monthly in-shop rank; listed shop scale; public SNS/popularity match when exact-name verified
海空 陸,ARTEMIS,https://www.host2.jp/shop/artemis02/index.html,https://www.host2.jp/shop/artemis02/riku/index.html,https://www.host2.jp/shop/artemis02/riku/pr01-thum.jpg,1,2026-09-24,584,42,,,Host2 monthly in-shop rank; listed shop scale; public SNS/popularity match when exact-name verified
結夜,goofee,https://www.host2.jp/shop/goofee/index.html,https://www.host2.jp/shop/goofee/yuya/index.html,https://www.host2.jp/shop/goofee/yuya/pr01-thum.jpg,1,2026-09-24,584,42,,,Host2 monthly in-shop rank; listed shop scale; public SNS/popularity match when exact-name verified
翔,ALL BLACK,https://www.host2.jp/shop/allblack1/index.html,https://www.host2.jp/shop/allblack1/sho03/index.html,https://www.host2.jp/shop/allblack1/sho03/pr01-thum.jpg,1,2026-09-24,584,42,,,Host2 monthly in-shop rank; listed shop scale; public SNS/popularity match when exact-name verified
成瀬ねお（ねおぴ）,MINERVA -TOKYO-,https://www.host2.jp/shop/minerva/index.html,https://www.host2.jp/shop/minerva/neo/index.html,https://www.host2.jp/shop/minerva/neo/pr01-thum.jpg,1,2026-09-24,582,41,,,Host2 monthly in-shop rank; listed shop scale; public SNS/popularity match when exact-name verified
神夜ノア,ICE,https://www.host2.jp/shop/ice_hiroshima/index.html,https://www.host2.jp/shop/ice_hiroshima/noa/index.html,https://www.host2.jp/shop/ice_hiroshima/noa/pr01-thum.jpg,1,2026-09-24,582,41,,,Host2 monthly in-shop rank; listed shop scale; public SNS/popularity match when exact-name verified
尚弥,Roots,https://www.host2.jp/shop/roots_gd/index.html,https://www.host2.jp/shop/roots_gd/naoya/index.html,https://www.host2.jp/shop/roots_gd/naoya/pr01-thum.jpg,1,2026-09-24,580,40,,,Host2 monthly in-shop rank; listed shop scale; public SNS/popularity match when exact-name verified
帝 世那,FILIA,https://www.host2.jp/shop/filia/index.html,https://www.host2.jp/shop/filia/sena/index.html,https://www.host2.jp/shop/filia/sena/pr01-thum.jpg,1,2026-09-24,580,40,,,Host2 monthly in-shop rank; listed shop scale; public SNS/popularity match when exact-name verified
流川 れおん,Dio,https://www.host2.jp/shop/dio2/index.html,https://www.host2.jp/shop/dio2/reon/index.html,https://www.host2.jp/shop/dio2/reon/pr01-thum.jpg,1,2026-09-24,580,40,,,Host2 monthly in-shop rank; listed shop scale; public SNS/popularity match when exact-name verified
あひるの空,ALLSTAR -本店-,https://www.host2.jp/shop/allstar/index.html,https://www.host2.jp/shop/allstar/sora/index.html,https://www.host2.jp/shop/allstar/sora/pr01-thum.jpg,1,2026-09-24,578,39,,,Host2 monthly in-shop rank; listed shop scale; public SNS/popularity match when exact-name verified
かーいーだよー,DREAM本店,https://www.host2.jp/shop/dreamgd/index.html,https://www.host2.jp/shop/dreamgd/kaidayo/index.html,https://www.host2.jp/shop/dreamgd/kaidayo/pr01-thum.jpg,1,2026-09-24,578,39,,,Host2 monthly in-shop rank; listed shop scale; public SNS/popularity match when exact-name verified
壱馬,P'CE UMEDA,https://www.host2.jp/shop/pceumeda/index.html,https://www.host2.jp/shop/pceumeda/kazuma/index.html,https://www.host2.jp/shop/pceumeda/kazuma/pr01-thum.jpg,1,2026-09-24,578,39,,,Host2 monthly in-shop rank; listed shop scale; public SNS/popularity match when exact-name verified
岳,TOP DANDY JUICE,https://www.host2.jp/shop/topdandy_juice/index.html,https://www.host2.jp/shop/topdandy_juice/gaku/index.html,https://www.host2.jp/shop/topdandy_juice/gaku/pr01-thum.jpg,1,2026-09-24,578,39,,,Host2 monthly in-shop rank; listed shop scale; public SNS/popularity match when exact-name verified
志龍エイト,ACQUA FUKUOKA,https://www.host2.jp/shop/acquafukuoka/index.html,https://www.host2.jp/shop/acquafukuoka/eito/index.html,https://www.host2.jp/shop/acquafukuoka/eito/pr01-thum.jpg,1,2026-09-24,578,39,,,Host2 monthly in-shop rank; listed shop scale; public SNS/popularity match when exact-name verified
波旬,Destiny -acro-,https://www.host2.jp/shop/acro/index.html,https://www.host2.jp/shop/acro/hajun/index.html,https://www.host2.jp/shop/acro/hajun/pr01-thum.jpg,1,2026-09-24,578,39,,,Host2 monthly in-shop rank; listed shop scale; public SNS/popularity match when exact-name verified
りーくん,LEX,https://www.host2.jp/shop/lex_gd/index.html,https://www.host2.jp/shop/lex_gd/rikun/index.html,https://www.host2.jp/shop/lex_gd/rikun/pr01-thum.jpg,1,2026-09-24,576,38,,,Host2 monthly in-shop rank; listed shop scale; public SNS/popularity match when exact-name verified
晴人,AUB,https://www.host2.jp/shop/aub/index.html,https://www.host2.jp/shop/aub/haruto02/index.html,https://www.host2.jp/shop/aub/haruto02/pr01-thum.jpg,1,2026-09-24,576,38,,,Host2 monthly in-shop rank; listed shop scale; public SNS/popularity match when exact-name verified
渋谷 凰,SINCE YOU...α,https://www.host2.jp/shop/sinceyoua/index.html,https://www.host2.jp/shop/sinceyoua/otori/index.html,https://www.host2.jp/shop/sinceyoua/otori/pr01-thum.jpg,1,2026-09-24,576,38,,,Host2 monthly in-shop rank; listed shop scale; public SNS/popularity match when exact-name verified
れいな,Beat Crush -ZERO-,https://www.host2.jp/shop/bczero/index.html,https://www.host2.jp/shop/bczero/reina/index.html,https://www.host2.jp/shop/bczero/reina/pr01-thum.jpg,1,2026-09-24,574,37,,,Host2 monthly in-shop rank; listed shop scale; public SNS/popularity match when exact-name verified
SHOZO,LIPS,https://www.host2.jp/shop/lips/index.html,https://www.host2.jp/shop/lips/shozo/index.html,https://www.host2.jp/shop/lips/shozo/pr01-thum.jpg,1,2026-09-24,572,36,,,Host2 monthly in-shop rank; listed shop scale; public SNS/popularity match when exact-name verified
アラン,ROMANCE,https://www.host2.jp/shop/romance1/index.html,https://www.host2.jp/shop/romance1/aran/index.html,https://www.host2.jp/shop/romance1/aran/pr01-thum.jpg,1,2026-09-24,572,36,,,Host2 monthly in-shop rank; listed shop scale; public SNS/popularity match when exact-name verified
一ノ瀬 流輝,Dear's大阪,https://www.host2.jp/shop/dearsosaka/index.html,https://www.host2.jp/shop/dearsosaka/ruka/index.html,https://www.host2.jp/shop/dearsosaka/ruka/pr01-thum.jpg,1,2026-09-24,572,36,,,Host2 monthly in-shop rank; listed shop scale; public SNS/popularity match when exact-name verified
午後レイジ,FioRe,https://www.host2.jp/shop/fiore01/index.html,https://www.host2.jp/shop/fiore01/reiji/index.html,https://www.host2.jp/shop/fiore01/reiji/pr01-thum.jpg,1,2026-09-24,572,36,,,Host2 monthly in-shop rank; listed shop scale; public SNS/popularity match when exact-name verified
大夢,TRIDENT,https://www.host2.jp/shop/trident/index.html,https://www.host2.jp/shop/trident/hiromu/index.html,https://www.host2.jp/shop/trident/hiromu/pr01-thum.jpg,1,2026-09-24,572,36,,,Host2 monthly in-shop rank; listed shop scale; public SNS/popularity match when exact-name verified
志垣 翔,AWAKE,https://www.host2.jp/shop/awake/index.html,https://www.host2.jp/shop/awake/guriko/index.html,https://www.host2.jp/shop/awake/guriko/pr01-thum.jpg,1,2026-09-24,572,36,,,Host2 monthly in-shop rank; listed shop scale; public SNS/popularity match when exact-name verified
日高瑠依,YOUTH,https://www.host2.jp/shop/youth__/index.html,https://www.host2.jp/shop/youth__/rui01/index.html,https://www.host2.jp/shop/youth__/rui01/pr01-thum.jpg,1,2026-09-24,572,36,,,Host2 monthly in-shop rank; listed shop scale; public SNS/popularity match when exact-name verified
AOYAMA GAKU,KIRAMEKI,https://www.host2.jp/shop/kirameki/index.html,https://www.host2.jp/shop/kirameki/gaku/index.html,https://www.host2.jp/shop/kirameki/gaku/pr01-thum.jpg,1,2026-09-24,570,35,,,Host2 monthly in-shop rank; listed shop scale; public SNS/popularity match when exact-name verified
あすい るる,Lilian,https://www.host2.jp/shop/lilian/index.html,https://www.host2.jp/shop/lilian/ruru/index.html,https://www.host2.jp/shop/lilian/ruru/pr01-thum.jpg,1,2026-09-24,570,35,,,Host2 monthly in-shop rank; listed shop scale; public SNS/popularity match when exact-name verified
優生,THE RICHARD,https://www.host2.jp/shop/richard/index.html,https://www.host2.jp/shop/richard/yui/index.html,https://www.host2.jp/shop/richard/yui/pr01-thum.jpg,1,2026-09-24,570,35,,,Host2 monthly in-shop rank; listed shop scale; public SNS/popularity match when exact-name verified
徳川流一,THE CLUB -本店-,https://www.host2.jp/shop/theclub2/index.html,https://www.host2.jp/shop/theclub2/ryuichi/index.html,https://www.host2.jp/shop/theclub2/ryuichi/pr01-thum.jpg,1,2026-09-24,570,35,,,Host2 monthly in-shop rank; listed shop scale; public SNS/popularity match when exact-name verified
海瞳優真,Luminous,https://www.host2.jp/shop/luminous/index.html,https://www.host2.jp/shop/luminous/yuma/index.html,https://www.host2.jp/shop/luminous/yuma/pr01-thum.jpg,1,2026-09-24,570,35,,,Host2 monthly in-shop rank; listed shop scale; public SNS/popularity match when exact-name verified
湊音かをる,Dear's CROWN,https://www.host2.jp/shop/dearscrown/index.html,https://www.host2.jp/shop/dearscrown/minato/index.html,https://www.host2.jp/shop/dearscrown/minato/pr01-thum.jpg,1,2026-09-24,570,35,,,Host2 monthly in-shop rank; listed shop scale; public SNS/popularity match when exact-name verified
V,AXEL by ACQUA,https://www.host2.jp/shop/axel/index.html,https://www.host2.jp/shop/axel/v/index.html,https://www.host2.jp/shop/axel/v/pr01-thum.jpg,1,2026-09-24,568,34,,,Host2 monthly in-shop rank; listed shop scale; public SNS/popularity match when exact-name verified
とわ,Cruise,https://www.host2.jp/shop/cruise/index.html,https://www.host2.jp/shop/cruise/towa2/index.html,https://www.host2.jp/shop/cruise/towa2/pr01-thum.jpg,1,2026-09-24,568,34,,,Host2 monthly in-shop rank; listed shop scale; public SNS/popularity match when exact-name verified
天使かいと,GRAN -TOKYO-,https://www.host2.jp/shop/gran4/index.html,https://www.host2.jp/shop/gran4/kaito/index.html,https://www.host2.jp/shop/gran4/kaito/pr01-thum.jpg,1,2026-09-24,568,34,,,Host2 monthly in-shop rank; listed shop scale; public SNS/popularity match when exact-name verified
如月星夜,Real,https://www.host2.jp/shop/real_ehime/index.html,https://www.host2.jp/shop/real_ehime/seiya/index.html,https://www.host2.jp/shop/real_ehime/seiya/pr01-thum.jpg,1,2026-09-24,568,34,,,Host2 monthly in-shop rank; listed shop scale; public SNS/popularity match when exact-name verified
空条咲希,JEALOUS,https://www.host2.jp/shop/jealous/index.html,https://www.host2.jp/shop/jealous/saki2/index.html,https://www.host2.jp/shop/jealous/saki2/pr01-thum.jpg,1,2026-09-24,568,34,,,Host2 monthly in-shop rank; listed shop scale; public SNS/popularity match when exact-name verified
轟メルト,CENTURY TOKYO,https://www.host2.jp/shop/century02/index.html,https://www.host2.jp/shop/century02/merusedesu/index.html,https://www.host2.jp/shop/century02/merusedesu/pr01-thum.jpg,1,2026-09-24,568,34,,,Host2 monthly in-shop rank; listed shop scale; public SNS/popularity match when exact-name verified
零王,CODE,https://www.host2.jp/shop/code/index.html,https://www.host2.jp/shop/code/reo1/index.html,https://www.host2.jp/shop/code/reo1/pr01-thum.jpg,1,2026-09-24,568,34,,,Host2 monthly in-shop rank; listed shop scale; public SNS/popularity match when exact-name verified
